day,source,n,avg_compound,n_pos,n_neg
2010-04-02,reddit,6,0.3567,4,2
2010-04-05,reddit,1,-0.25,0,1
2010-04-06,reddit,1,0.7881,1,0
2010-04-07,reddit,3,0.3423,2,1
2010-04-08,reddit,104,0.2947,65,16
2010-04-09,reddit,91,0.3274,64,16
2010-04-10,reddit,34,0.5371,27,4
2010-04-11,reddit,42,0.1779,24,10
2010-04-12,reddit,18,0.3062,13,3
2010-04-13,reddit,15,0.5334,12,1
2010-04-14,reddit,36,0.3778,28,6
2010-04-15,reddit,38,0.1448,22,9
2010-04-16,reddit,61,0.1076,33,23
2010-04-17,reddit,16,0.0427,8,5
2010-04-18,reddit,17,0.4612,12,1
2010-04-19,reddit,24,0.3948,18,0
2010-04-20,reddit,21,0.3691,12,3
2010-04-21,reddit,24,0.0676,12,6
2010-04-22,reddit,22,0.174,13,7
2010-04-23,reddit,6,0.501,5,0
2010-04-24,reddit,32,0.2027,18,6
2010-04-25,reddit,15,0.3491,10,3
2010-04-26,reddit,36,0.3595,26,4
2010-04-27,reddit,25,0.2994,15,6
2010-04-28,reddit,59,0.2362,35,9
2010-04-29,reddit,28,0.2335,18,9
2010-04-30,reddit,58,0.3139,40,13
2010-05-01,reddit,36,0.2291,22,8
2010-05-02,reddit,24,0.1272,11,5
2010-05-03,reddit,12,0.0401,3,3
2010-05-04,reddit,8,0.3031,5,1
2010-05-05,reddit,5,0.5247,4,0
2010-05-06,reddit,20,0.2909,12,6
2010-05-07,reddit,37,0.3953,27,5
2010-05-08,reddit,42,0.0888,23,14
2010-05-09,reddit,12,0.1739,6,1
2010-05-10,reddit,1,0.5076,1,0
2010-05-11,reddit,12,0.3301,9,3
2010-05-12,reddit,4,0.0475,2,1
2010-05-13,reddit,20,-0.0467,5,8
2010-05-14,reddit,17,0.1005,8,6
2010-05-15,reddit,12,0.2722,7,4
2010-05-16,reddit,27,0.4018,22,2
2010-05-17,reddit,10,0.2432,4,4
2010-05-18,reddit,50,0.2366,29,10
2010-05-19,reddit,36,0.238,23,5
2010-05-20,reddit,52,0.174,30,13
2010-05-21,reddit,41,0.178,23,12
2010-05-22,reddit,26,0.1787,15,7
2010-05-23,reddit,15,0.2578,11,3
2010-05-24,reddit,34,-0.06,11,19
2010-05-25,reddit,26,0.1063,12,8
2010-05-26,reddit,11,0.1691,5,3
2010-05-27,reddit,48,0.2663,31,10
2010-05-28,reddit,27,0.218,18,8
2010-05-29,reddit,58,0.0999,27,17
2010-05-30,reddit,17,0.0874,7,4
2010-05-31,reddit,51,0.2607,31,13
2010-06-01,reddit,57,0.2882,39,11
2010-06-02,reddit,60,0.3517,42,9
2010-06-03,reddit,50,0.2124,27,11
2010-06-04,reddit,44,0.2259,27,11
2010-06-05,reddit,26,0.2851,16,6
2010-06-06,reddit,28,0.4674,22,3
2010-06-07,reddit,99,0.3112,67,22
2010-06-08,reddit,58,0.2986,39,9
2010-06-09,reddit,37,0.2455,17,5
2010-06-10,reddit,62,0.2506,39,17
2010-06-11,reddit,12,-0.0076,5,6
2010-06-12,reddit,15,-0.0263,7,7
2010-06-13,reddit,64,0.0936,30,20
2010-06-14,reddit,69,0.1636,39,14
2010-06-15,reddit,38,0.5757,30,5
2010-06-16,reddit,32,0.2455,17,6
2010-06-17,reddit,42,0.0825,19,13
2010-06-18,reddit,20,0.1694,12,4
2010-06-19,reddit,23,0.0701,11,8
2010-06-20,reddit,38,0.0527,17,12
2010-06-21,reddit,45,0.126,26,16
2010-06-22,reddit,48,0.3731,31,5
2010-06-23,reddit,38,0.1212,15,11
2010-06-24,reddit,65,0.2692,38,17
2010-06-25,reddit,26,0.107,13,12
2010-06-26,reddit,22,0.3029,14,4
2010-06-27,reddit,19,0.1423,13,5
2010-06-28,reddit,18,0.1497,11,4
2010-06-29,reddit,58,0.2952,34,14
2010-06-30,reddit,44,0.0695,21,18
2010-07-01,reddit,34,0.1251,16,13
2010-07-02,reddit,42,0.1824,23,8
2010-07-03,reddit,57,0.2124,33,12
2010-07-04,reddit,24,0.1555,11,6
2010-07-05,reddit,41,0.1908,25,11
2010-07-06,reddit,33,0.3513,22,6
2010-07-07,reddit,52,0.0845,19,17
2010-07-08,reddit,56,0.0396,23,22
2010-07-09,reddit,107,0.1878,61,25
2010-07-10,reddit,20,0.2494,12,3
2010-07-11,reddit,37,0.223,22,12
2010-07-12,reddit,28,0.3709,18,4
2010-07-13,reddit,32,0.1634,18,9
2010-07-14,reddit,60,0.1804,33,16
2010-07-15,reddit,10,0.3413,7,2
2010-07-16,reddit,49,0.207,29,12
2010-07-17,reddit,50,0.2798,29,9
2010-07-18,reddit,46,0.2886,29,9
2010-07-19,reddit,58,0.3163,39,8
2010-07-20,reddit,38,0.3178,23,3
2010-07-21,reddit,31,0.3289,20,4
2010-07-22,reddit,27,0.2753,16,6
2010-07-23,reddit,44,0.0893,21,12
2010-07-24,reddit,23,0.202,11,5
2010-07-25,reddit,93,0.2373,52,14
2010-07-26,reddit,61,0.3981,43,7
2010-07-27,reddit,93,0.4325,71,13
2010-07-28,reddit,143,0.2842,93,28
2010-07-29,reddit,51,0.2449,32,10
2010-07-30,reddit,39,0.2501,23,11
2010-07-31,reddit,27,0.2473,16,5
2010-08-01,reddit,16,0.2281,10,4
2010-08-02,reddit,87,0.201,50,20
2010-08-03,reddit,79,0.2216,47,18
2010-08-04,reddit,32,0.2079,20,9
2010-08-05,reddit,17,0.1824,10,3
2010-08-06,reddit,49,0.2645,31,9
2010-08-07,reddit,36,0.2622,21,12
2010-08-08,reddit,40,0.236,26,9
2010-08-09,reddit,130,0.2009,74,30
2010-08-10,reddit,111,0.1641,66,35
2010-08-11,reddit,102,0.326,61,21
2010-08-12,reddit,58,0.3043,38,14
2010-08-13,reddit,120,0.1433,64,39
2010-08-14,reddit,87,0.2425,50,18
2010-08-15,reddit,80,0.1863,46,18
2010-08-16,reddit,73,0.1748,35,17
2010-08-17,reddit,39,0.3253,26,7
2010-08-18,reddit,59,0.2048,31,13
2010-08-19,reddit,49,0.0752,23,18
2010-08-20,reddit,60,0.3237,39,13
2010-08-21,reddit,31,0.033,12,13
2010-08-22,reddit,85,0.1659,39,20
2010-08-23,reddit,80,0.3072,51,10
2010-08-24,reddit,93,0.2544,60,25
2010-08-25,reddit,96,0.2532,59,19
2010-08-26,reddit,61,0.1931,31,16
2010-08-27,reddit,103,0.1991,62,26
2010-08-28,reddit,107,0.2509,62,20
2010-08-29,reddit,79,0.1459,39,24
2010-08-30,reddit,94,0.232,51,22
2010-08-31,reddit,132,0.307,84,25
2010-09-01,reddit,117,0.1832,64,25
2010-09-02,reddit,71,0.1434,36,16
2010-09-03,reddit,109,0.2905,72,24
2010-09-04,reddit,59,0.2379,36,16
2010-09-05,reddit,46,0.3165,32,10
2010-09-06,reddit,88,0.0879,42,27
2010-09-07,reddit,157,0.2716,95,27
2010-09-08,reddit,107,0.2521,65,15
2010-09-09,reddit,105,0.2401,61,29
2010-09-10,reddit,109,0.1799,57,34
2010-09-11,reddit,88,0.0747,35,31
2010-09-12,reddit,97,0.3292,70,19
2010-09-13,reddit,174,0.2292,102,39
2010-09-14,reddit,92,0.2287,49,17
2010-09-15,reddit,114,0.1114,62,36
2010-09-16,reddit,56,0.2038,32,17
2010-09-17,reddit,142,0.1436,72,43
2010-09-18,reddit,97,0.1189,47,27
2010-09-19,reddit,48,-0.0202,14,20
2010-09-20,reddit,158,0.1952,87,38
2010-09-21,reddit,100,0.1898,52,28
2010-09-22,reddit,153,0.1733,83,44
2010-09-23,reddit,204,0.2184,112,46
2010-09-24,reddit,97,0.2191,56,21
2010-09-25,reddit,77,0.1391,38,19
2010-09-26,reddit,189,0.1916,101,44
2010-09-27,reddit,114,0.2655,68,24
2010-09-28,reddit,213,0.1443,114,60
2010-09-29,reddit,157,0.1664,84,41
2010-09-30,reddit,201,0.213,114,48
2010-10-01,reddit,165,0.0947,75,46
2010-10-02,reddit,55,0.2001,30,11
2010-10-03,reddit,110,0.1382,53,28
2010-10-04,reddit,195,0.2071,101,43
2010-10-05,reddit,190,0.1755,100,52
2010-10-06,reddit,160,0.1602,82,49
2010-10-07,reddit,125,0.2252,73,28
2010-10-08,reddit,117,0.1955,62,25
2010-10-09,reddit,156,0.1592,84,41
2010-10-10,reddit,150,0.139,69,39
2010-10-11,reddit,117,0.1609,65,33
2010-10-12,reddit,104,0.1711,54,30
2010-10-13,reddit,152,0.1084,70,48
2010-10-14,reddit,170,0.1204,83,53
2010-10-15,reddit,149,0.1976,84,38
2010-10-16,reddit,168,0.2356,99,36
2010-10-17,reddit,191,0.1326,91,54
2010-10-18,reddit,204,0.1479,106,62
2010-10-19,reddit,187,0.1691,102,58
2010-10-20,reddit,227,0.1086,112,73
2010-10-21,reddit,201,0.1857,109,56
2010-10-22,reddit,165,0.2992,111,34
2010-10-23,reddit,153,0.2466,80,34
2010-10-24,reddit,127,0.2424,72,33
2010-10-25,reddit,258,0.1502,133,72
2010-10-26,reddit,315,0.1637,163,86
2010-10-27,reddit,303,0.2153,174,78
2010-10-28,reddit,178,0.1996,101,54
2010-10-29,reddit,351,0.1367,181,106
2010-10-30,reddit,189,0.1542,104,49
2010-10-31,reddit,243,0.1442,116,59
2010-11-01,reddit,202,0.1532,98,52
2010-11-02,reddit,244,0.2531,141,43
2010-11-03,reddit,291,0.105,134,93
2010-11-04,reddit,158,0.1621,86,45
2010-11-05,reddit,313,0.1799,168,92
2010-11-06,reddit,196,0.0498,84,80
2010-11-07,reddit,236,0.133,117,63
2010-11-08,reddit,229,0.1397,123,66
2010-11-09,reddit,389,0.2239,227,87
2010-11-10,reddit,313,0.2713,193,65
2010-11-11,reddit,266,0.1711,148,81
2010-11-12,reddit,163,0.1343,85,54
2010-11-13,reddit,140,0.2188,82,38
2010-11-14,reddit,123,0.259,77,22
2010-11-15,reddit,371,0.2464,209,81
2010-11-16,reddit,248,0.2981,158,55
2010-11-17,reddit,250,0.214,144,63
2010-11-18,reddit,268,0.2171,146,61
2010-11-19,reddit,254,0.1773,143,72
2010-11-20,reddit,130,0.2034,72,31
2010-11-21,reddit,124,0.1305,63,39
2010-11-22,reddit,202,0.2205,114,54
2010-11-23,reddit,273,0.1098,130,80
2010-11-24,reddit,254,0.2456,155,60
2010-11-25,reddit,149,0.2016,81,37
2010-11-26,reddit,120,0.1299,57,36
2010-11-27,reddit,97,0.2196,49,22
2010-11-28,reddit,73,0.1396,36,19
2010-11-29,reddit,234,0.1678,122,61
2010-11-30,reddit,218,0.1801,122,57
2010-12-01,reddit,237,0.2689,148,59
2010-12-02,reddit,216,0.3174,143,39
2010-12-03,reddit,186,0.1885,98,45
2010-12-04,reddit,88,0.1539,51,28
2010-12-05,reddit,135,0.0629,64,47
2010-12-06,reddit,191,0.1312,93,55
2010-12-07,reddit,259,0.2134,133,48
2010-12-08,reddit,245,0.191,129,61
2010-12-09,reddit,201,0.2369,115,39
2010-12-10,reddit,215,0.2373,120,41
2010-12-11,reddit,195,0.2073,106,48
2010-12-12,reddit,184,0.1635,104,46
2010-12-13,reddit,255,0.178,130,68
2010-12-14,reddit,330,0.3139,216,75
2010-12-15,reddit,309,0.2102,172,63
2010-12-16,reddit,205,0.1636,107,58
2010-12-17,reddit,236,0.2111,130,61
2010-12-18,reddit,89,0.1473,38,21
2010-12-19,reddit,111,0.1038,54,36
2010-12-20,reddit,193,0.1237,92,55
2010-12-21,reddit,230,0.1824,125,55
2010-12-22,reddit,178,0.0903,80,60
2010-12-23,reddit,270,0.1121,132,90
2010-12-24,reddit,230,0.1858,123,48
2010-12-25,reddit,162,0.3015,103,31
2010-12-26,reddit,230,0.2059,128,57
2010-12-27,reddit,220,0.2723,138,40
2010-12-28,reddit,351,0.2631,216,77
2010-12-29,reddit,136,0.2209,77,33
2010-12-30,reddit,146,0.0645,59,46
2010-12-31,reddit,169,0.167,83,50
2011-01-01,reddit,223,0.2069,133,56
2011-01-02,reddit,237,0.1543,127,67
2011-01-03,reddit,275,0.059,118,96
2011-01-04,reddit,193,0.1803,100,55
2011-01-05,reddit,377,0.1044,179,118
2011-01-06,reddit,397,0.1718,216,113
2011-01-07,reddit,372,0.1582,184,101
2011-01-08,reddit,519,0.1953,283,122
2011-01-09,reddit,356,0.1415,181,99
2011-01-10,reddit,416,0.107,194,114
2011-01-11,reddit,357,0.1772,189,92
2011-01-12,reddit,294,0.1535,145,84
2011-01-13,reddit,667,0.2236,377,141
2011-01-14,reddit,497,0.2196,293,117
2011-01-15,reddit,382,0.2493,231,89
2011-01-16,reddit,429,0.2917,269,82
2011-01-17,reddit,393,0.2217,224,93
2011-01-18,reddit,691,0.2499,413,150
2011-01-19,reddit,591,0.1749,322,159
2011-01-20,reddit,917,0.2145,505,210
2011-01-21,reddit,578,0.1943,318,160
2011-01-22,reddit,467,0.2091,264,123
2011-01-23,reddit,657,0.1673,346,176
2011-01-24,reddit,847,0.1862,461,208
2011-01-25,reddit,414,0.2185,236,103
2011-01-26,reddit,522,0.2208,290,110
2011-01-27,reddit,610,0.1884,335,162
2011-01-28,reddit,665,0.1413,357,192
2011-01-29,reddit,423,0.1323,207,127
2011-01-30,reddit,387,0.2323,222,93
2011-01-31,reddit,844,0.1761,451,222
2011-02-01,reddit,779,0.1649,404,223
2011-02-02,reddit,692,0.1998,395,177
2011-02-03,reddit,800,0.2328,471,209
2011-02-04,reddit,765,0.189,415,189
2011-02-05,reddit,630,0.1771,329,165
2011-02-06,reddit,754,0.1906,420,193
2011-02-07,reddit,782,0.2289,449,180
2011-02-08,reddit,643,0.2274,370,150
2011-02-09,reddit,681,0.2312,391,154
2011-02-10,reddit,906,0.1938,490,232
2011-02-11,reddit,1174,0.2323,687,262
2011-02-12,reddit,1018,0.2359,589,230
2011-02-13,reddit,767,0.1938,418,197
2011-02-14,reddit,783,0.1441,401,228
2011-02-15,reddit,652,0.189,349,144
2011-02-16,reddit,903,0.1967,486,239
2011-02-17,reddit,953,0.1747,517,253
2011-02-18,reddit,968,0.2074,535,230
2011-02-19,reddit,669,0.2469,416,156
2011-02-20,reddit,722,0.1474,375,214
2011-02-21,reddit,820,0.1622,421,217
2011-02-22,reddit,1412,0.1967,794,344
2011-02-23,reddit,975,0.2107,559,235
2011-02-24,reddit,1017,0.1858,546,248
2011-02-25,reddit,924,0.1916,493,226
2011-02-26,reddit,691,0.2139,386,150
2011-02-27,reddit,649,0.2096,355,152
2011-02-28,reddit,854,0.2387,504,190
2011-03-01,reddit,1272,0.2092,733,323
2011-03-02,reddit,1565,0.2146,889,383
2011-03-03,reddit,996,0.1496,505,270
2011-03-04,reddit,1357,0.1483,674,358
2011-03-05,reddit,852,0.1903,437,198
2011-03-06,reddit,768,0.1857,430,197
2011-03-07,reddit,952,0.1513,502,278
2011-03-08,reddit,999,0.139,512,290
2011-03-09,reddit,761,0.2082,425,189
2011-03-10,reddit,668,0.2016,366,171
2011-03-11,reddit,768,0.1909,424,207
2011-03-12,reddit,612,0.1961,344,143
2011-03-13,reddit,512,0.1349,271,160
2011-03-14,reddit,713,0.1833,377,186
2011-03-15,reddit,1080,0.1542,569,314
2011-03-16,reddit,942,0.1546,496,262
2011-03-17,reddit,863,0.1137,427,289
2011-03-18,reddit,1069,0.1448,542,311
2011-03-19,reddit,814,0.1898,471,210
2011-03-20,reddit,735,0.1531,392,204
2011-03-21,reddit,1061,0.171,566,302
2011-03-22,reddit,1106,0.184,625,298
2011-03-23,reddit,1009,0.1563,535,300
2011-03-24,reddit,1289,0.1505,693,360
2011-03-25,reddit,1241,0.2219,716,317
2011-03-26,reddit,863,0.1708,452,254
2011-03-27,reddit,936,0.1912,505,257
2011-03-28,reddit,1055,0.1784,574,282
2011-03-29,reddit,924,0.1905,501,234
2011-03-30,reddit,1280,0.1993,704,316
2011-03-31,reddit,1012,0.2006,563,255
2011-04-01,reddit,720,0.1874,399,181
2011-04-02,reddit,737,0.1736,376,178
2011-04-03,reddit,794,0.1384,401,233
2011-04-04,reddit,1321,0.1779,710,342
2011-04-05,reddit,1260,0.1699,683,360
2011-04-06,reddit,1042,0.1469,538,305
2011-04-07,reddit,1035,0.1503,540,289
2011-04-08,reddit,992,0.1824,539,242
2011-04-09,reddit,922,0.1681,472,246
2011-04-10,reddit,780,0.1948,425,186
2011-04-11,reddit,1226,0.1857,670,320
2011-04-12,reddit,873,0.1451,449,254
2011-04-13,reddit,1214,0.1851,664,306
2011-04-14,reddit,1308,0.2292,783,300
2011-04-15,reddit,1060,0.2017,592,264
2011-04-16,reddit,608,0.2047,348,145
2011-04-17,reddit,974,0.1437,513,272
2011-04-18,reddit,936,0.1473,486,279
2011-04-19,reddit,1150,0.1559,610,318
2011-04-20,reddit,1250,0.1768,681,340
2011-04-21,reddit,450,0.2025,257,117
2011-04-22,reddit,115,0.2441,72,29
2011-04-23,reddit,925,0.1673,483,235
2011-04-24,reddit,1158,0.138,591,329
2011-04-25,reddit,1201,0.1457,599,334
2011-04-26,reddit,976,0.1264,480,277
2011-04-27,reddit,733,0.2391,412,152
2011-04-28,reddit,1127,0.1925,623,304
2011-04-29,reddit,1142,0.1712,625,311
2011-04-30,reddit,773,0.1868,429,208
2011-05-01,reddit,1107,0.1855,610,284
2011-05-02,reddit,1154,0.2064,645,271
2011-05-03,reddit,1060,0.2087,598,251
2011-05-04,reddit,1000,0.2055,550,263
2011-05-05,reddit,1190,0.2111,675,292
2011-05-06,reddit,608,0.1983,345,155
2011-05-07,reddit,927,0.2256,529,210
2011-05-08,reddit,727,0.153,373,206
2011-05-09,reddit,1168,0.1665,614,320
2011-05-10,reddit,1097,0.1739,573,288
2011-05-11,reddit,1015,0.1802,532,247
2011-05-12,reddit,1169,0.1723,634,305
2011-05-13,reddit,1182,0.1947,654,316
2011-05-14,reddit,1120,0.1914,590,275
2011-05-15,reddit,1273,0.2043,693,312
2011-05-16,reddit,1063,0.1713,565,289
2011-05-17,reddit,1689,0.2113,956,406
2011-05-18,reddit,1449,0.2392,844,323
2011-05-19,reddit,1830,0.201,1043,494
2011-05-20,reddit,1159,0.214,659,266
2011-05-21,reddit,966,0.1908,521,244
2011-05-22,reddit,878,0.1817,477,224
2011-05-23,reddit,1197,0.1981,656,298
2011-05-24,reddit,1299,0.1828,716,359
2011-05-25,reddit,1527,0.1902,835,407
2011-05-26,reddit,1308,0.2218,756,341
2011-05-27,reddit,1632,0.2099,930,396
2011-05-28,reddit,804,0.1897,445,203
2011-05-29,reddit,957,0.1906,531,257
2011-05-30,reddit,1066,0.2037,603,259
2011-05-31,reddit,1332,0.1401,694,399
2011-06-01,reddit,1282,0.1912,709,322
2011-06-02,reddit,1444,0.194,797,377
2011-06-03,reddit,1005,0.1869,549,283
2011-06-04,reddit,922,0.1823,502,243
2011-06-05,reddit,791,0.1435,394,233
2011-06-06,reddit,1646,0.1628,908,457
2011-06-07,reddit,1155,0.1729,621,334
2011-06-08,reddit,1376,0.1641,723,396
2011-06-09,reddit,1152,0.1752,630,294
2011-06-10,reddit,1601,0.1817,872,410
2011-06-11,reddit,975,0.1161,477,291
2011-06-12,reddit,949,0.146,475,262
2011-06-13,reddit,1201,0.1827,636,303
2011-06-14,reddit,1051,0.1779,555,278
2011-06-15,reddit,1185,0.1854,646,305
2011-06-16,reddit,1563,0.1535,821,442
2011-06-17,reddit,1301,0.1559,672,367
2011-06-18,reddit,1044,0.1366,541,299
2011-06-19,reddit,1169,0.1384,589,332
2011-06-20,reddit,1554,0.1637,830,415
2011-06-21,reddit,1702,0.1299,864,503
2011-06-22,reddit,1302,0.1552,660,355
2011-06-23,reddit,1165,0.1685,619,292
2011-06-24,reddit,1151,0.1789,618,291
2011-06-25,reddit,929,0.1969,520,230
2011-06-26,reddit,991,0.1732,527,271
2011-06-27,reddit,1266,0.2028,708,306
2011-06-28,reddit,1519,0.1633,807,403
2011-06-29,reddit,1251,0.1765,682,354
2011-06-30,reddit,1424,0.1672,760,389
2011-07-01,reddit,1122,0.1462,578,303
2011-07-02,reddit,862,0.1345,429,236
2011-07-03,reddit,1162,0.1522,602,327
2011-07-04,reddit,1459,0.1902,802,359
2011-07-05,reddit,2068,0.1745,1119,556
2011-07-06,reddit,1729,0.1186,840,530
2011-07-07,reddit,1470,0.1675,796,400
2011-07-08,reddit,1572,0.1182,791,471
2011-07-09,reddit,1211,0.1537,636,326
2011-07-10,reddit,1083,0.1425,535,320
2011-07-11,reddit,1777,0.1936,965,440
2011-07-12,reddit,1704,0.1562,899,489
2011-07-13,reddit,1450,0.1431,757,417
2011-07-14,reddit,1585,0.1599,831,440
2011-07-15,reddit,1533,0.1434,775,451
2011-07-16,reddit,1048,0.1744,573,270
2011-07-17,reddit,1221,0.1069,581,363
2011-07-18,reddit,1408,0.1629,727,388
2011-07-19,reddit,1730,0.1156,834,508
2011-07-20,reddit,1841,0.1719,972,461
2011-07-21,reddit,1725,0.2007,940,423
2011-07-22,reddit,1225,0.1676,655,329
2011-07-23,reddit,836,0.1747,437,193
2011-07-24,reddit,1054,0.1853,562,265
2011-07-25,reddit,1417,0.1595,751,377
2011-07-26,reddit,1396,0.1979,777,345
2011-07-27,reddit,1437,0.1894,784,349
2011-07-28,reddit,1325,0.1761,691,343
2011-07-29,reddit,1706,0.2117,963,418
2011-07-30,reddit,1045,0.1836,554,253
2011-07-31,reddit,1410,0.139,711,386
2011-08-01,reddit,1374,0.1534,715,369
2011-08-02,reddit,1205,0.1925,671,309
2011-08-03,reddit,1195,0.1341,589,350
2011-08-04,reddit,1414,0.1734,764,384
2011-08-05,reddit,1465,0.1771,811,379
2011-08-06,reddit,1177,0.1601,600,312
2011-08-07,reddit,897,0.167,482,231
2011-08-08,reddit,1609,0.1533,841,450
2011-08-09,reddit,1174,0.198,661,297
2011-08-10,reddit,1600,0.1451,806,452
2011-08-11,reddit,1299,0.1435,692,385
2011-08-12,reddit,1442,0.167,775,381
2011-08-13,reddit,1082,0.1305,534,320
2011-08-14,reddit,906,0.1078,442,294
2011-08-15,reddit,1032,0.1756,561,278
2011-08-16,reddit,1431,0.1475,746,412
2011-08-17,reddit,1296,0.1679,681,338
2011-08-18,reddit,1230,0.1524,658,351
2011-08-19,reddit,1355,0.1435,691,394
2011-08-20,reddit,622,0.2033,337,150
2011-08-21,reddit,886,0.1891,485,231
2011-08-22,reddit,1136,0.2156,653,271
2011-08-23,reddit,1363,0.1487,698,370
2011-08-24,reddit,1601,0.1124,806,493
2011-08-25,reddit,1584,0.1624,826,439
2011-08-26,reddit,1290,0.1643,671,342
2011-08-27,reddit,1085,0.1593,569,296
2011-08-28,reddit,1393,0.1826,762,358
2011-08-29,reddit,1235,0.1934,679,296
2011-08-30,reddit,1485,0.2306,879,362
2011-08-31,reddit,1368,0.1635,723,368
2011-09-01,reddit,1168,0.1551,622,340
2011-09-02,reddit,1082,0.1456,563,314
2011-09-03,reddit,947,0.1535,506,285
2011-09-04,reddit,1161,0.1302,595,344
2011-09-05,reddit,1086,0.1543,568,297
2011-09-06,reddit,1095,0.1431,559,323
2011-09-07,reddit,1249,0.1501,664,367
2011-09-08,reddit,1348,0.1605,713,364
2011-09-09,reddit,1555,0.143,810,458
2011-09-10,reddit,957,0.0949,463,309
2011-09-11,reddit,812,0.1341,397,237
2011-09-12,reddit,1111,0.1832,616,282
2011-09-13,reddit,1294,0.2007,709,319
2011-09-14,reddit,1560,0.1553,825,446
2011-09-15,reddit,1275,0.1494,656,373
2011-09-16,reddit,1376,0.1508,706,389
2011-09-17,reddit,1014,0.1405,520,299
2011-09-18,reddit,972,0.1503,492,264
2011-09-19,reddit,1184,0.1145,605,351
2011-09-20,reddit,1317,0.1443,678,376
2011-09-21,reddit,1591,0.1937,867,377
2011-09-22,reddit,1555,0.145,803,455
2011-09-23,reddit,1309,0.1331,643,369
2011-09-24,reddit,945,0.1666,490,259
2011-09-25,reddit,830,0.1928,449,204
2011-09-26,reddit,1082,0.1678,579,273
2011-09-27,reddit,1434,0.2263,842,358
2011-09-28,reddit,847,0.1761,451,240
2011-09-29,reddit,1295,0.1494,664,347
2011-09-30,reddit,1308,0.1544,676,384
2011-10-01,reddit,818,0.1717,431,229
2011-10-02,reddit,804,0.1683,419,217
2011-10-03,reddit,1043,0.1374,527,316
2011-10-04,reddit,885,0.2032,487,221
2011-10-05,reddit,1438,0.1439,723,430
2011-10-06,reddit,1057,0.1508,544,290
2011-10-07,reddit,1288,0.1656,664,364
2011-10-08,reddit,778,0.1888,418,185
2011-10-09,reddit,681,0.1746,356,171
2011-10-10,reddit,1194,0.1178,566,351
2011-10-11,reddit,1177,0.1006,575,372
2011-10-12,reddit,1058,0.1331,534,317
2011-10-13,reddit,1136,0.1465,573,311
2011-10-14,reddit,1438,0.1871,778,350
2011-10-15,reddit,828,0.1388,433,228
2011-10-16,reddit,822,0.1241,418,267
2011-10-17,reddit,975,0.1743,537,253
2011-10-18,reddit,1626,0.1895,902,407
2011-10-19,reddit,3239,0.1888,1768,822
2011-10-20,reddit,2771,0.2119,1604,694
2011-10-21,reddit,2246,0.2155,1306,551
2011-10-22,reddit,2092,0.2154,1194,500
2011-10-23,reddit,2016,0.1718,1093,523
2011-10-24,reddit,1696,0.1778,920,444
2011-10-25,reddit,1731,0.166,921,472
2011-10-26,reddit,2540,0.1896,1385,675
2011-10-27,reddit,2776,0.1586,1498,802
2011-10-28,reddit,2540,0.1525,1343,765
2011-10-29,reddit,1983,0.1536,1046,581
2011-10-30,reddit,2826,0.1243,1408,813
2011-10-31,reddit,2080,0.1684,1121,558
2011-11-01,reddit,2692,0.1712,1446,719
2011-11-02,reddit,2566,0.2061,1449,630
2011-11-03,reddit,2296,0.1577,1212,634
2011-11-04,reddit,3719,0.158,1966,1061
2011-11-05,reddit,2357,0.1688,1238,640
2011-11-06,reddit,2039,0.1583,1063,556
2011-11-07,reddit,2094,0.1951,1177,540
2011-11-08,reddit,2329,0.1793,1273,626
2011-11-09,reddit,2139,0.1903,1167,568
2011-11-10,reddit,2128,0.1675,1174,594
2011-11-11,reddit,2430,0.1689,1293,642
2011-11-12,reddit,1558,0.1545,846,425
2011-11-13,reddit,1769,0.1875,989,457
2011-11-14,reddit,1939,0.1988,1077,493
2011-11-15,reddit,2094,0.1831,1126,572
2011-11-16,reddit,2305,0.1456,1206,684
2011-11-17,reddit,1682,0.1173,849,509
2011-11-18,reddit,1646,0.1761,904,442
2011-11-19,reddit,1287,0.1797,720,339
2011-11-20,reddit,1998,0.138,1008,586
2011-11-21,reddit,2301,0.1598,1192,624
2011-11-22,reddit,1751,0.185,974,483
2011-11-23,reddit,2513,0.2379,1460,595
2011-11-24,reddit,2025,0.206,1151,498
2011-11-25,reddit,2092,0.1563,1092,545
2011-11-26,reddit,1682,0.2106,945,415
2011-11-27,reddit,1567,0.2,871,389
2011-11-28,reddit,1798,0.173,971,480
2011-11-29,reddit,2390,0.1788,1291,667
2011-11-30,reddit,2345,0.1181,1204,763
2011-12-01,reddit,2254,0.19,1255,618
2011-12-02,reddit,2179,0.155,1146,626
2011-12-03,reddit,1852,0.1621,986,476
2011-12-04,reddit,2121,0.1493,1096,590
2011-12-05,reddit,2652,0.1533,1386,745
2011-12-06,reddit,2559,0.1544,1373,712
2011-12-07,reddit,1238,0.1758,657,319
2011-12-08,reddit,3351,0.1704,1781,899
2011-12-09,reddit,2757,0.1724,1477,771
2011-12-10,reddit,2219,0.1609,1182,597
2011-12-11,reddit,2233,0.1738,1187,604
2011-12-12,reddit,2583,0.1781,1403,689
2011-12-13,reddit,2220,0.1777,1187,601
2011-12-14,reddit,2730,0.1906,1501,686
2011-12-15,reddit,2043,0.1553,1091,583
2011-12-16,reddit,2210,0.1493,1158,616
2011-12-17,reddit,1964,0.1482,1016,544
2011-12-18,reddit,1727,0.159,920,476
2011-12-19,reddit,1960,0.15,1013,567
2011-12-20,reddit,1874,0.1681,999,488
2011-12-21,reddit,1732,0.2138,974,412
2011-12-22,reddit,1698,0.1737,912,467
2011-12-23,reddit,1371,0.212,791,355
2011-12-24,reddit,1221,0.163,653,323
2011-12-25,reddit,1176,0.1575,637,316
2011-12-26,reddit,1163,0.1376,591,344
2011-12-27,reddit,1065,0.1727,566,287
2011-12-28,reddit,1261,0.1664,691,353
2011-12-29,reddit,1252,0.163,668,367
2011-12-30,reddit,1323,0.2089,764,329
2011-12-31,reddit,1352,0.1646,721,365
2012-01-01,reddit,1176,0.1738,641,313
2012-01-02,reddit,1278,0.1572,662,342
2012-01-03,reddit,1479,0.1668,756,360
2012-01-04,reddit,1627,0.23,960,367
2012-01-05,reddit,1762,0.2059,971,437
2012-01-06,reddit,1775,0.1546,954,515
2012-01-07,reddit,1218,0.1808,666,317
2012-01-08,reddit,1383,0.088,653,469
2012-01-09,reddit,1886,0.2093,1063,486
2012-01-10,reddit,1757,0.1474,929,522
2012-01-11,reddit,1630,0.1867,913,426
2012-01-12,reddit,1942,0.1491,1016,572
2012-01-13,reddit,1916,0.174,1008,523
2012-01-14,reddit,1390,0.2103,784,327
2012-01-15,reddit,1205,0.1577,651,356
2012-01-16,reddit,1296,0.1644,673,332
2012-01-17,reddit,2033,0.195,1141,520
2012-01-18,reddit,745,0.1737,409,190
2012-01-19,reddit,1364,0.2178,788,348
2012-01-20,reddit,1959,0.2047,1107,454
2012-01-21,reddit,1947,0.1987,1087,514
2012-01-22,reddit,1526,0.1908,825,378
2012-01-23,reddit,2385,0.1887,1320,593
2012-01-24,reddit,2044,0.1826,1119,540
2012-01-25,reddit,1946,0.2126,1123,470
2012-01-26,reddit,2043,0.1923,1134,533
2012-01-27,reddit,2387,0.1951,1327,623
2012-01-28,reddit,1921,0.1364,986,566
2012-01-29,reddit,1973,0.1347,1001,590
2012-01-30,reddit,1420,0.187,785,394
2012-01-31,reddit,2099,0.1549,1108,590
2012-02-01,reddit,2360,0.1837,1284,653
2012-02-02,reddit,2236,0.1929,1255,616
2012-02-03,reddit,2153,0.1665,1122,581
2012-02-04,reddit,1365,0.1786,733,393
2012-02-05,reddit,2080,0.1378,1080,651
2012-02-06,reddit,1860,0.1864,1027,507
2012-02-07,reddit,1338,0.1731,716,378
2012-02-08,reddit,2476,0.1321,1254,752
2012-02-09,reddit,1979,0.1953,1109,516
2012-02-10,reddit,2450,0.1583,1302,698
2012-02-11,reddit,1814,0.1674,971,523
2012-02-12,reddit,1885,0.1651,1018,535
2012-02-13,reddit,1856,0.1706,995,496
2012-02-14,reddit,2391,0.1559,1245,684
2012-02-15,reddit,1826,0.1755,1011,535
2012-02-16,reddit,2390,0.1699,1274,655
2012-02-17,reddit,2372,0.1683,1262,624
2012-02-18,reddit,1708,0.1932,969,459
2012-02-19,reddit,1624,0.1449,830,480
2012-02-20,reddit,2336,0.118,1138,709
2012-02-21,reddit,1553,0.1801,827,403
2012-02-22,reddit,1792,0.1667,965,468
2012-02-23,reddit,2491,0.1753,1340,663
2012-02-24,reddit,1934,0.1868,1067,489
2012-02-25,reddit,2115,0.1929,1154,528
2012-02-26,reddit,1837,0.1829,1018,485
2012-02-27,reddit,2311,0.1525,1225,647
2012-02-28,reddit,1654,0.1709,900,448
2012-02-29,reddit,2435,0.2006,1367,608
2012-03-01,reddit,2158,0.1895,1169,502
2012-03-02,reddit,2211,0.2736,1364,507
2012-03-03,reddit,1206,0.151,640,341
2012-03-04,reddit,1679,0.1339,825,468
2012-03-05,reddit,1662,0.1736,914,464
2012-03-06,reddit,2111,0.1948,1166,525
2012-03-07,reddit,1753,0.1896,969,435
2012-03-08,reddit,1826,0.1498,950,537
2012-03-09,reddit,1684,0.1789,948,449
2012-03-10,reddit,1264,0.1687,660,349
2012-03-11,reddit,1531,0.1534,816,434
2012-03-12,reddit,1582,0.1901,862,402
2012-03-13,reddit,1899,0.1819,1048,499
2012-03-14,reddit,2058,0.1905,1122,524
2012-03-15,reddit,1779,0.1715,948,489
2012-03-16,reddit,2470,0.1729,1319,653
2012-03-17,reddit,1725,0.1571,905,486
2012-03-18,reddit,1660,0.1756,895,424
2012-03-19,reddit,2417,0.1385,1272,718
2012-03-20,reddit,2540,0.1506,1330,726
2012-03-21,reddit,3442,0.199,1944,845
2012-03-22,reddit,2691,0.1545,1420,793
2012-03-23,reddit,2395,0.1881,1360,615
2012-03-24,reddit,1377,0.1826,732,362
2012-03-25,reddit,2221,0.1973,1227,551
2012-03-26,reddit,2062,0.1763,1127,543
2012-03-27,reddit,2281,0.1569,1200,644
2012-03-28,reddit,2636,0.1804,1420,731
2012-03-29,reddit,2398,0.1933,1349,626
2012-03-30,reddit,2561,0.1457,1324,774
2012-03-31,reddit,1670,0.1114,823,511
2012-04-01,reddit,2102,0.1643,1091,557
2012-04-02,reddit,1956,0.1261,999,596
2012-04-03,reddit,2028,0.1829,1112,542
2012-04-04,reddit,2003,0.1754,1080,551
2012-04-05,reddit,2021,0.1796,1102,545
2012-04-06,reddit,2301,0.1784,1233,628
2012-04-07,reddit,1848,0.1728,971,479
2012-04-08,reddit,1639,0.1093,812,520
2012-04-09,reddit,1842,0.1556,967,534
2012-04-10,reddit,2206,0.1684,1185,604
2012-04-11,reddit,2064,0.1247,1006,627
2012-04-12,reddit,1857,0.1603,963,512
2012-04-13,reddit,1699,0.1476,885,490
2012-04-14,reddit,1966,0.1754,1034,502
2012-04-15,reddit,1624,0.1697,869,407
2012-04-16,reddit,2167,0.1614,1114,570
2012-04-17,reddit,2031,0.1378,1042,602
2012-04-18,reddit,2294,0.1315,1152,676
2012-04-19,reddit,2292,0.1715,1259,615
2012-04-20,reddit,1863,0.154,983,550
2012-04-21,reddit,2103,0.1858,1138,493
2012-04-22,reddit,1853,0.1587,981,496
2012-04-23,reddit,2922,0.196,1636,725
2012-04-24,reddit,2894,0.2022,1641,734
2012-04-25,reddit,1867,0.159,1009,520
2012-04-26,reddit,2627,0.1809,1435,683
2012-04-27,reddit,2116,0.1779,1180,553
2012-04-28,reddit,2016,0.1485,1037,583
2012-04-29,reddit,1874,0.1757,1018,463
2012-04-30,reddit,1771,0.1565,910,485
2012-05-01,reddit,1628,0.1639,844,441
2012-05-02,reddit,2203,0.1723,1179,561
2012-05-03,reddit,2315,0.1502,1214,667
2012-05-04,reddit,2026,0.1748,1071,541
2012-05-05,reddit,1673,0.1353,838,503
2012-05-06,reddit,1528,0.155,786,417
2012-05-07,reddit,1965,0.1209,985,590
2012-05-08,reddit,1944,0.1254,980,551
2012-05-09,reddit,2539,0.1573,1320,671
2012-05-10,reddit,1857,0.1668,968,478
2012-05-11,reddit,1814,0.1565,938,456
2012-05-12,reddit,1314,0.1435,663,370
2012-05-13,reddit,1542,0.1476,781,418
2012-05-14,reddit,1440,0.1612,773,399
2012-05-15,reddit,1889,0.2009,1060,466
2012-05-16,reddit,2293,0.1706,1256,642
2012-05-17,reddit,2683,0.1597,1428,734
2012-05-18,reddit,1760,0.16,931,470
2012-05-19,reddit,1279,0.16,696,366
2012-05-20,reddit,1356,0.1529,709,376
2012-05-21,reddit,1544,0.1204,788,470
2012-05-22,reddit,1752,0.1433,914,479
2012-05-23,reddit,1703,0.1563,889,467
2012-05-24,reddit,2345,0.1663,1267,676
2012-05-25,reddit,2326,0.1445,1216,699
2012-05-26,reddit,997,0.1404,496,292
2012-05-27,reddit,1420,0.1159,708,440
2012-05-28,reddit,1504,0.2002,856,389
2012-05-29,reddit,1339,0.162,693,363
2012-05-30,reddit,1797,0.1359,931,549
2012-05-31,reddit,1546,0.1667,809,439
2012-06-01,reddit,1419,0.1846,781,377
2012-06-02,reddit,1700,0.1093,836,508
2012-06-03,reddit,1419,0.1536,728,358
2012-06-04,reddit,1375,0.1807,731,366
2012-06-05,reddit,1669,0.1539,875,450
2012-06-06,reddit,1835,0.1657,966,472
2012-06-07,reddit,1749,0.1443,899,517
2012-06-08,reddit,1612,0.1001,784,533
2012-06-09,reddit,1499,0.1507,777,414
2012-06-10,reddit,1408,0.1219,729,449
2012-06-11,reddit,1780,0.161,929,502
2012-06-12,reddit,2077,0.1683,1081,554
2012-06-13,reddit,1596,0.1011,742,500
2012-06-14,reddit,1438,0.1908,803,380
2012-06-15,reddit,1433,0.1882,797,370
2012-06-16,reddit,1440,0.1805,790,383
2012-06-17,reddit,1606,0.1435,840,472
2012-06-18,reddit,2159,0.1985,1181,535
2012-06-19,reddit,1631,0.1631,843,413
2012-06-20,reddit,1645,0.198,900,418
2012-06-21,reddit,1601,0.1591,843,457
2012-06-22,reddit,2061,0.1692,1096,572
2012-06-23,reddit,1367,0.1292,671,390
2012-06-24,reddit,1384,0.1163,667,409
2012-06-25,reddit,1708,0.1359,855,505
2012-06-26,reddit,1539,0.1789,858,426
2012-06-27,reddit,1977,0.1717,1053,498
2012-06-28,reddit,1738,0.1845,957,444
2012-06-29,reddit,1321,0.182,723,358
2012-06-30,reddit,1010,0.1718,521,252
2012-07-01,reddit,1143,0.1336,579,338
2012-07-02,reddit,1629,0.1753,865,394
2012-07-03,reddit,1938,0.1938,1054,495
2012-07-04,reddit,1469,0.2095,845,340
2012-07-05,reddit,1696,0.1476,865,466
2012-07-06,reddit,1782,0.1853,978,459
2012-07-07,reddit,1313,0.1584,698,356
2012-07-08,reddit,1333,0.2068,767,316
2012-07-09,reddit,1437,0.1752,784,390
2012-07-10,reddit,1502,0.1929,841,389
2012-07-11,reddit,1990,0.2026,1135,494
2012-07-12,reddit,2036,0.1253,1036,632
2012-07-13,reddit,1884,0.1815,1049,515
2012-07-14,reddit,1039,0.1701,576,286
2012-07-15,reddit,1670,0.1489,875,450
2012-07-16,reddit,1963,0.1705,1071,549
2012-07-17,reddit,1294,0.1817,715,357
2012-07-18,reddit,1575,0.1515,826,433
2012-07-19,reddit,1533,0.1772,830,405
2012-07-20,reddit,1745,0.1396,896,504
2012-07-21,reddit,1242,0.138,640,358
2012-07-22,reddit,1361,0.1567,691,375
2012-07-23,reddit,1597,0.1444,807,439
2012-07-24,reddit,2112,0.1335,1088,625
2012-07-25,reddit,1624,0.1397,850,479
2012-07-26,reddit,1576,0.1686,865,439
2012-07-27,reddit,1723,0.1635,909,476
2012-07-28,reddit,1449,0.1654,763,395
2012-07-29,reddit,1353,0.1052,669,423
2012-07-30,reddit,1454,0.1837,795,371
2012-07-31,reddit,1870,0.274,1153,395
2012-08-01,reddit,2764,0.2679,1697,611
2012-08-02,reddit,2241,0.1998,1275,532
2012-08-03,reddit,1854,0.1628,975,509
2012-08-04,reddit,1669,0.1257,832,511
2012-08-05,reddit,1200,0.1775,639,308
2012-08-06,reddit,2535,0.1598,1264,659
2012-08-07,reddit,2498,0.154,1280,615
2012-08-08,reddit,1551,0.1656,814,391
2012-08-09,reddit,1736,0.1551,902,474
2012-08-10,reddit,1590,0.1371,781,458
2012-08-11,reddit,1620,0.1777,848,391
2012-08-12,reddit,1375,0.187,726,329
2012-08-13,reddit,1671,0.1062,819,521
2012-08-14,reddit,2015,0.2006,1135,477
2012-08-15,reddit,1785,0.1671,953,460
2012-08-16,reddit,1440,0.1394,755,430
2012-08-17,reddit,1962,0.2015,1121,513
2012-08-18,reddit,1235,0.1491,649,351
2012-08-19,reddit,1435,0.1579,737,377
2012-08-20,reddit,1521,0.1693,795,377
2012-08-21,reddit,1869,0.1619,973,491
2012-08-22,reddit,1397,0.1433,734,410
2012-08-23,reddit,1742,0.1708,926,476
2012-08-24,reddit,1304,0.1684,696,345
2012-08-25,reddit,1151,0.1861,637,286
2012-08-26,reddit,1108,0.153,582,316
2012-08-27,reddit,1335,0.1486,695,377
2012-08-28,reddit,1697,0.1769,900,452
2012-08-29,reddit,1283,0.2216,755,311
2012-08-30,reddit,1307,0.2208,762,297
2012-08-31,reddit,1524,0.1741,825,399
2012-09-01,reddit,1156,0.1861,650,311
2012-09-02,reddit,1213,0.1765,651,342
2012-09-03,reddit,1568,0.1668,812,404
2012-09-04,reddit,1543,0.1401,814,440
2012-09-05,reddit,1305,0.1735,716,330
2012-09-06,reddit,2099,0.1966,1167,505
2012-09-07,reddit,1682,0.1766,914,474
2012-09-08,reddit,1256,0.1648,677,336
2012-09-09,reddit,1420,0.1503,712,386
2012-09-10,reddit,1297,0.2165,738,308
2012-09-11,reddit,1391,0.1702,729,366
2012-09-12,reddit,1520,0.153,784,412
2012-09-13,reddit,1307,0.1282,661,381
2012-09-14,reddit,1242,0.1644,663,341
2012-09-15,reddit,1086,0.1969,583,233
2012-09-16,reddit,1189,0.1759,633,323
2012-09-17,reddit,1656,0.1723,905,447
2012-09-18,reddit,1876,0.1392,964,581
2012-09-19,reddit,1535,0.1684,821,414
2012-09-20,reddit,1353,0.1145,673,440
2012-09-21,reddit,1686,0.173,901,470
2012-09-22,reddit,1441,0.1394,741,386
2012-09-23,reddit,1259,0.1551,655,350
2012-09-24,reddit,1702,0.1941,923,398
2012-09-25,reddit,1632,0.1634,845,432
2012-09-26,reddit,1737,0.1477,883,512
2012-09-27,reddit,1802,0.1691,977,491
2012-09-28,reddit,1425,0.1513,752,406
2012-09-29,reddit,1178,0.1891,640,308
2012-09-30,reddit,1259,0.2051,730,313
2012-10-01,reddit,1935,0.1356,998,557
2012-10-02,reddit,1915,0.137,975,555
2012-10-03,reddit,2719,0.1578,1433,725
2012-10-04,reddit,1977,0.1691,1048,494
2012-10-05,reddit,1497,0.1587,783,409
2012-10-06,reddit,1225,0.1824,676,337
2012-10-07,reddit,1168,0.1898,649,295
2012-10-08,reddit,1809,0.1215,904,534
2012-10-09,reddit,1586,0.2229,923,355
2012-10-10,reddit,1276,0.1713,686,351
2012-10-11,reddit,1654,0.1708,872,450
2012-10-12,reddit,1713,0.2018,950,460
2012-10-13,reddit,1386,0.1374,690,408
2012-10-14,reddit,1606,0.1644,854,390
2012-10-15,reddit,1966,0.138,980,561
2012-10-16,reddit,1879,0.1684,990,507
2012-10-17,reddit,1843,0.189,1030,472
2012-10-18,reddit,1760,0.1458,914,490
2012-10-19,reddit,1582,0.1397,787,441
2012-10-20,reddit,1273,0.1496,668,345
2012-10-21,reddit,975,0.167,517,266
2012-10-22,reddit,840,0.2087,473,173
2012-10-23,reddit,1994,0.1597,1013,515
2012-10-24,reddit,2046,0.1749,1119,515
2012-10-25,reddit,1608,0.179,857,413
2012-10-26,reddit,1591,0.1606,856,437
2012-10-27,reddit,918,0.1987,491,204
2012-10-28,reddit,1431,0.152,755,379
2012-10-29,reddit,1578,0.1621,836,436
2012-10-30,reddit,1283,0.1247,634,385
2012-10-31,reddit,1446,0.1472,755,381
2012-11-01,reddit,1501,0.187,819,366
2012-11-02,reddit,1688,0.1978,938,402
2012-11-03,reddit,1262,0.1707,678,323
2012-11-04,reddit,1246,0.1804,681,331
2012-11-05,reddit,1482,0.1711,790,376
2012-11-06,reddit,1706,0.1668,856,427
2012-11-07,reddit,1319,0.1668,703,348
2012-11-08,reddit,1366,0.1769,756,359
2012-11-09,reddit,1302,0.1809,726,352
2012-11-10,reddit,970,0.2179,549,222
2012-11-11,reddit,1197,0.1848,632,286
2012-11-12,reddit,1375,0.1726,755,358
2012-11-13,reddit,1351,0.1285,672,394
2012-11-14,reddit,1437,0.1705,771,366
2012-11-15,reddit,1466,0.1403,745,403
2012-11-16,reddit,1266,0.1895,709,331
2012-11-17,reddit,1040,0.148,557,298
2012-11-18,reddit,1004,0.1913,569,242
2012-11-19,reddit,1449,0.1486,735,385
2012-11-20,reddit,1086,0.2081,627,267
2012-11-21,reddit,1244,0.1627,662,341
2012-11-22,reddit,1152,0.1684,603,319
2012-11-23,reddit,1080,0.1138,547,337
2012-11-24,reddit,856,0.2192,497,204
2012-11-25,reddit,791,0.2158,453,170
2012-11-26,reddit,1398,0.1871,760,370
2012-11-27,reddit,1583,0.1473,836,464
2012-11-28,reddit,1704,0.1547,916,483
2012-11-29,reddit,1523,0.1641,806,414
2012-11-30,reddit,1139,0.1813,633,287
2012-12-01,reddit,1170,0.1127,587,361
2012-12-02,reddit,1230,0.1639,667,329
2012-12-03,reddit,957,0.2076,544,227
2012-12-04,reddit,1164,0.1676,611,297
2012-12-05,reddit,1490,0.173,805,399
2012-12-06,reddit,2140,0.1756,1160,566
2012-12-07,reddit,1185,0.1591,618,335
2012-12-08,reddit,943,0.182,513,237
2012-12-09,reddit,968,0.1788,515,242
2012-12-10,reddit,1228,0.1723,666,326
2012-12-11,reddit,1604,0.2059,912,396
2012-12-12,reddit,1447,0.1886,782,376
2012-12-13,reddit,1349,0.1265,691,408
2012-12-14,reddit,1041,0.1538,535,311
2012-12-15,reddit,1084,0.1203,542,341
2012-12-16,reddit,1215,0.1484,637,351
2012-12-17,reddit,1353,0.1521,700,371
2012-12-18,reddit,1225,0.1379,622,361
2012-12-19,reddit,1038,0.1548,546,278
2012-12-20,reddit,1471,0.185,797,367
2012-12-21,reddit,909,0.2037,508,218
2012-12-22,reddit,972,0.1535,519,281
2012-12-23,reddit,945,0.1228,473,285
2012-12-24,reddit,1113,0.1246,540,320
2012-12-25,reddit,839,0.1692,436,214
2012-12-26,reddit,1008,0.1905,554,250
2012-12-27,reddit,981,0.2491,582,212
2012-12-28,reddit,1244,0.1901,684,339
2012-12-29,reddit,1104,0.1549,578,322
2012-12-30,reddit,1157,0.1981,644,294
2012-12-31,reddit,1176,0.2012,664,279
2013-01-01,reddit,1261,0.2224,735,290
2013-01-02,reddit,1388,0.1889,790,358
2013-01-03,reddit,1315,0.1681,712,355
2013-01-04,reddit,1267,0.1751,681,316
2013-01-05,reddit,1051,0.1591,558,285
2013-01-06,reddit,1004,0.1851,544,275
2013-01-07,reddit,1296,0.1839,712,355
2013-01-08,reddit,1761,0.2148,996,459
2013-01-09,reddit,1500,0.1384,743,458
2013-01-10,reddit,1546,0.1827,853,427
2013-01-11,reddit,1630,0.1678,901,468
2013-01-12,reddit,1166,0.1364,597,339
2013-01-13,reddit,1050,0.2226,606,243
2013-01-14,reddit,1539,0.1948,853,393
2013-01-15,reddit,1309,0.2007,737,337
2013-01-16,reddit,1557,0.2165,876,363
2013-01-17,reddit,1710,0.1936,960,429
2013-01-18,reddit,1368,0.1566,723,388
2013-01-19,reddit,870,0.1609,460,236
2013-01-20,reddit,913,0.1352,460,272
2013-01-21,reddit,802,0.1806,453,216
2013-01-22,reddit,906,0.2088,521,227
2013-01-23,reddit,1239,0.1471,626,351
2013-01-24,reddit,1175,0.1677,615,326
2013-01-25,reddit,966,0.1657,524,262
2013-01-26,reddit,920,0.1524,479,251
2013-01-27,reddit,969,0.1428,506,291
2013-01-28,reddit,1115,0.148,582,316
2013-01-29,reddit,1357,0.146,709,378
2013-01-30,reddit,1445,0.1485,759,445
2013-01-31,reddit,1501,0.1521,787,398
2013-02-01,reddit,1060,0.1534,564,298
2013-02-02,reddit,778,0.1614,406,204
2013-02-03,reddit,842,0.201,464,203
2013-02-04,reddit,1154,0.1799,640,309
2013-02-05,reddit,1006,0.174,539,282
2013-02-06,reddit,1280,0.1707,697,344
2013-02-07,reddit,1340,0.2001,784,329
2013-02-08,reddit,1224,0.2035,683,318
2013-02-09,reddit,767,0.1889,420,201
2013-02-10,reddit,915,0.1875,505,206
2013-02-11,reddit,1226,0.1921,685,314
2013-02-12,reddit,1359,0.1774,736,362
2013-02-13,reddit,1484,0.157,801,419
2013-02-14,reddit,1390,0.1552,730,381
2013-02-15,reddit,1643,0.1318,799,437
2013-02-16,reddit,702,0.1764,362,168
2013-02-17,reddit,942,0.1755,511,245
2013-02-18,reddit,1056,0.1941,588,274
2013-02-19,reddit,1099,0.2113,621,257
2013-02-20,reddit,1484,0.1229,759,468
2013-02-21,reddit,1731,0.1541,907,465
2013-02-22,reddit,1304,0.1639,694,337
2013-02-23,reddit,852,0.1806,460,243
2013-02-24,reddit,1034,0.1822,576,275
2013-02-25,reddit,966,0.1461,508,269
2013-02-26,reddit,944,0.1752,502,258
2013-02-27,reddit,1068,0.1867,600,277
2013-02-28,reddit,1365,0.2007,773,335
2013-03-01,reddit,959,0.2116,536,232
2013-03-02,reddit,945,0.1743,506,253
2013-03-03,reddit,1213,0.1342,615,364
2013-03-04,reddit,1189,0.1221,609,381
2013-03-05,reddit,1408,0.2098,808,345
2013-03-06,reddit,1285,0.2007,723,341
2013-03-07,reddit,1109,0.1855,619,292
2013-03-08,reddit,844,0.2056,476,204
2013-03-09,reddit,851,0.1548,447,244
2013-03-10,reddit,976,0.1585,542,260
2013-03-11,reddit,1224,0.1514,625,337
2013-03-12,reddit,1114,0.2201,625,226
2013-03-13,reddit,1110,0.1644,581,292
2013-03-14,reddit,882,0.195,470,212
2013-03-15,reddit,1119,0.1382,576,329
2013-03-16,reddit,802,0.1334,378,229
2013-03-17,reddit,821,0.1792,443,223
2013-03-18,reddit,976,0.1443,501,296
2013-03-19,reddit,1149,0.1919,640,298
2013-03-20,reddit,1234,0.1794,672,330
2013-03-21,reddit,993,0.1958,545,266
2013-03-22,reddit,1264,0.208,709,306
2013-03-23,reddit,757,0.1435,391,198
2013-03-24,reddit,1197,0.2067,663,273
2013-03-25,reddit,1477,0.1979,807,355
2013-03-26,reddit,948,0.2062,536,253
2013-03-27,reddit,1293,0.2273,744,299
2013-03-28,reddit,1426,0.1637,753,406
2013-03-29,reddit,1258,0.1974,701,309
2013-03-30,reddit,987,0.2346,582,216
2013-03-31,reddit,1454,0.1643,780,402
2013-04-01,reddit,1726,0.1718,906,452
2013-04-02,reddit,1682,0.1686,883,448
2013-04-03,reddit,1496,0.1602,807,425
2013-04-04,reddit,1324,0.1506,695,381
2013-04-05,reddit,1304,0.1415,678,384
2013-04-06,reddit,1079,0.1696,596,293
2013-04-07,reddit,1416,0.135,721,424
2013-04-08,reddit,1679,0.207,933,405
2013-04-09,reddit,1279,0.1665,690,352
2013-04-10,reddit,1750,0.213,982,411
2013-04-11,reddit,1670,0.1897,931,412
2013-04-12,reddit,1412,0.1631,745,379
2013-04-13,reddit,1196,0.1159,603,381
2013-04-14,reddit,1119,0.1652,600,306
2013-04-15,reddit,1317,0.153,716,389
2013-04-16,reddit,1143,0.164,637,322
2013-04-17,reddit,1360,0.1972,773,341
2013-04-18,reddit,1222,0.1644,663,317
2013-04-19,reddit,1233,0.1706,644,314
2013-04-20,reddit,944,0.1759,504,242
2013-04-21,reddit,965,0.1486,506,258
2013-04-22,reddit,921,0.2288,534,216
2013-04-23,reddit,1257,0.1543,651,344
2013-04-24,reddit,1189,0.1456,601,353
2013-04-25,reddit,879,0.1801,484,232
2013-04-26,reddit,1244,0.1398,624,369
2013-04-27,reddit,839,0.1598,440,241
2013-04-28,reddit,565,0.2045,331,136
2013-04-29,reddit,1151,0.1906,639,305
2013-04-30,reddit,1382,0.1314,698,410
2013-05-01,reddit,1106,0.1496,585,302
2013-05-02,reddit,1094,0.2056,620,279
2013-05-03,reddit,1131,0.1091,551,354
2013-05-04,reddit,1072,0.1861,587,278
2013-05-05,reddit,723,0.1449,363,217
2013-05-06,reddit,992,0.1708,525,274
2013-05-07,reddit,1490,0.1354,774,451
2013-05-08,reddit,1308,0.1804,729,345
2013-05-09,reddit,1115,0.1217,568,351
2013-05-10,reddit,1116,0.2047,635,249
2013-05-11,reddit,810,0.2295,479,182
2013-05-12,reddit,1254,0.1496,642,373
2013-05-13,reddit,1133,0.1888,642,295
2013-05-14,reddit,1268,0.178,698,340
2013-05-15,reddit,1196,0.1645,641,342
2013-05-16,reddit,1057,0.1735,595,297
2013-05-17,reddit,984,0.1901,550,233
2013-05-18,reddit,589,0.1767,330,157
2013-05-19,reddit,702,0.1531,360,189
2013-05-20,reddit,1204,0.1803,657,311
2013-05-21,reddit,1679,0.1571,888,450
2013-05-22,reddit,1291,0.1659,660,336
2013-05-23,reddit,1299,0.1549,688,359
2013-05-24,reddit,922,0.2179,532,213
2013-05-25,reddit,583,0.2578,340,123
2013-05-26,reddit,1009,0.1564,524,276
2013-05-27,reddit,903,0.2419,537,195
2013-05-28,reddit,903,0.2291,516,202
2013-05-29,reddit,864,0.2029,486,223
2013-05-30,reddit,860,0.2129,490,220
2013-05-31,reddit,1248,0.1527,640,330
2013-06-01,reddit,745,0.1207,373,225
2013-06-02,reddit,882,0.1981,495,213
2013-06-03,reddit,1450,0.1587,741,384
2013-06-04,reddit,1268,0.1471,654,348
2013-06-05,reddit,1051,0.2039,576,261
2013-06-06,reddit,1172,0.2132,676,277
2013-06-07,reddit,869,0.1894,493,214
2013-06-08,reddit,853,0.1607,441,221
2013-06-09,reddit,922,0.1722,478,230
2013-06-10,reddit,1057,0.1806,570,282
2013-06-11,reddit,1319,0.1763,736,338
2013-06-12,reddit,1163,0.1085,573,359
2013-06-13,reddit,967,0.1189,491,306
2013-06-14,reddit,862,0.1707,469,220
2013-06-15,reddit,503,0.1816,272,134
2013-06-16,reddit,899,0.151,471,252
2013-06-17,reddit,1404,0.1287,751,441
2013-06-18,reddit,1272,0.1379,668,386
2013-06-19,reddit,921,0.189,523,251
2013-06-20,reddit,983,0.1704,539,268
2013-06-21,reddit,1048,0.1343,539,307
2013-06-22,reddit,956,0.1484,497,273
2013-06-23,reddit,769,0.1718,411,209
2013-06-24,reddit,972,0.1271,485,299
2013-06-25,reddit,1034,0.2122,599,243
2013-06-26,reddit,987,0.2389,585,208
2013-06-27,reddit,1409,0.192,757,328
2013-06-28,reddit,732,0.144,392,214
2013-06-29,reddit,677,0.1292,344,210
2013-06-30,reddit,789,0.1316,401,222
2013-07-01,reddit,1251,0.1647,676,327
2013-07-02,reddit,1699,0.2045,947,408
2013-07-03,reddit,900,0.1975,513,227
2013-07-04,reddit,850,0.1804,458,212
2013-07-05,reddit,870,0.1892,475,207
2013-07-06,reddit,867,0.2141,486,209
2013-07-07,reddit,809,0.1289,419,238
2013-07-08,reddit,1116,0.2213,654,265
2013-07-09,reddit,1347,0.1764,733,346
2013-07-10,reddit,1433,0.165,776,376
2013-07-11,reddit,1379,0.1865,747,333
2013-07-12,reddit,868,0.2273,529,205
2013-07-13,reddit,954,0.2038,519,188
2013-07-14,reddit,714,0.1763,367,168
2013-07-15,reddit,992,0.1939,539,238
2013-07-16,reddit,1042,0.2086,581,248
2013-07-17,reddit,1266,0.1948,694,321
2013-07-18,reddit,1280,0.2522,785,289
2013-07-19,reddit,1248,0.2242,716,295
2013-07-20,reddit,806,0.1623,427,216
2013-07-21,reddit,848,0.1979,457,199
2013-07-22,reddit,838,0.1925,474,222
2013-07-23,reddit,948,0.1715,515,255
2013-07-24,reddit,943,0.1594,494,270
2013-07-25,reddit,1044,0.1741,564,269
2013-07-26,reddit,1324,0.1547,685,344
2013-07-27,reddit,979,0.2119,556,236
2013-07-28,reddit,658,0.1768,356,176
2013-07-29,reddit,1355,0.1599,712,354
2013-07-30,reddit,1028,0.169,557,283
2013-07-31,reddit,1185,0.2118,683,294
2013-08-01,reddit,992,0.1461,516,268
2013-08-02,reddit,1005,0.1588,545,279
2013-08-03,reddit,743,0.1891,398,179
2013-08-04,reddit,763,0.1336,374,208
2013-08-05,reddit,1060,0.1463,543,293
2013-08-06,reddit,928,0.2124,541,242
2013-08-07,reddit,1037,0.1926,580,274
2013-08-08,reddit,1233,0.16,650,333
2013-08-09,reddit,881,0.135,452,246
2013-08-10,reddit,744,0.1927,425,211
2013-08-11,reddit,663,0.2054,366,165
2013-08-12,reddit,1161,0.1589,613,319
2013-08-13,reddit,802,0.1707,415,208
2013-08-14,reddit,928,0.1861,507,254
2013-08-15,reddit,1025,0.2131,583,255
2013-08-16,reddit,1810,0.2303,1086,406
2013-08-17,reddit,1255,0.1571,657,358
2013-08-18,reddit,948,0.1687,519,264
2013-08-19,reddit,1998,0.1725,1063,519
2013-08-20,reddit,1649,0.1784,908,437
2013-08-21,reddit,2194,0.192,1245,607
2013-08-22,reddit,1760,0.1866,980,481
2013-08-23,reddit,1311,0.1539,696,356
2013-08-24,reddit,765,0.1949,415,194
2013-08-25,reddit,1035,0.1313,539,335
2013-08-26,reddit,1062,0.1633,573,292
2013-08-27,reddit,727,0.2205,413,187
2013-08-28,reddit,914,0.1629,500,270
2013-08-29,reddit,843,0.1765,458,227
2013-08-30,reddit,1142,0.1887,636,324
2013-08-31,reddit,878,0.1996,495,238
2013-09-01,reddit,730,0.1938,426,209
2013-09-02,reddit,987,0.1698,539,281
2013-09-03,reddit,1106,0.1731,615,307
2013-09-04,reddit,1013,0.1893,565,277
2013-09-05,reddit,808,0.1812,462,232
2013-09-06,reddit,941,0.1769,515,272
2013-09-07,reddit,528,0.2144,307,125
2013-09-08,reddit,560,0.2684,352,112
2013-09-09,reddit,902,0.1874,508,255
2013-09-10,reddit,804,0.2032,466,222
2013-09-11,reddit,1097,0.1826,625,319
2013-09-12,reddit,995,0.1512,535,310
2013-09-13,reddit,844,0.2221,484,200
2013-09-14,reddit,805,0.1772,433,243
2013-09-15,reddit,1077,0.1911,597,298
2013-09-16,reddit,643,0.2533,405,145
2013-09-17,reddit,808,0.1953,455,217
2013-09-18,reddit,731,0.188,405,206
2013-09-19,reddit,602,0.1363,313,202
2013-09-20,reddit,496,0.2462,299,119
2013-09-21,reddit,676,0.2218,392,163
2013-09-22,reddit,782,0.1038,389,266
2013-09-23,reddit,837,0.2072,479,233
2013-09-24,reddit,865,0.2292,534,215
2013-09-25,reddit,1182,0.1437,648,371
2013-09-26,reddit,669,0.1859,374,205
2013-09-27,reddit,601,0.129,319,184
2013-09-28,reddit,525,0.2084,298,138
2013-09-29,reddit,779,0.1958,454,218
2013-09-30,reddit,1004,0.1863,575,270
2013-10-01,reddit,1068,0.187,601,300
2013-10-02,reddit,971,0.2436,601,235
2013-10-03,reddit,1027,0.2011,596,298
2013-10-04,reddit,596,0.1442,321,197
2013-10-05,reddit,497,0.1688,281,149
2013-10-06,reddit,623,0.1792,341,177
2013-10-07,reddit,566,0.1547,315,171
2013-10-08,reddit,541,0.1774,302,160
2013-10-09,reddit,515,0.19,300,155
2013-10-10,reddit,575,0.1866,334,166
2013-10-11,reddit,725,0.2131,443,215
2013-10-12,reddit,604,0.2003,340,175
2013-10-13,reddit,679,0.18,383,188
2013-10-14,reddit,661,0.2544,408,152
2013-10-15,reddit,835,0.1371,451,252
2013-10-16,reddit,1050,0.1817,605,299
2013-10-17,reddit,898,0.1567,510,270
2013-10-18,reddit,610,0.2583,368,146
2013-10-19,reddit,659,0.2026,390,189
2013-10-20,reddit,580,0.1694,321,185
2013-10-21,reddit,724,0.2083,435,194
2013-10-22,reddit,658,0.1846,374,193
2013-10-23,reddit,1025,0.1638,558,308
2013-10-24,reddit,839,0.189,474,249
2013-10-25,reddit,770,0.184,445,216
2013-10-26,reddit,672,0.1895,387,189
2013-10-27,reddit,481,0.2302,291,125
2013-10-28,reddit,914,0.2702,564,224
2013-10-29,reddit,925,0.2764,585,207
2013-10-30,reddit,957,0.1668,519,291
2013-10-31,reddit,706,0.1894,411,198
2013-11-01,reddit,671,0.1613,358,205
2013-11-02,reddit,700,0.2239,407,184
2013-11-03,reddit,651,0.2407,389,167
2013-11-04,reddit,708,0.2005,411,203
2013-11-05,reddit,675,0.2085,389,177
2013-11-06,reddit,703,0.2221,418,183
2013-11-07,reddit,743,0.1867,425,211
2013-11-08,reddit,805,0.1454,413,254
2013-11-09,reddit,580,0.19,331,169
2013-11-10,reddit,939,0.1136,484,309
2013-11-11,reddit,774,0.1295,401,258
2013-11-12,reddit,980,0.2015,572,275
2013-11-13,reddit,890,0.2475,545,201
2013-11-14,reddit,1119,0.1323,578,345
2013-11-15,reddit,804,0.1369,422,238
2013-11-16,reddit,375,0.2135,222,103
2013-11-17,reddit,608,0.1314,337,185
2013-11-18,reddit,693,0.2118,417,179
2013-11-19,reddit,899,0.1529,478,284
2013-11-20,reddit,686,0.1698,390,212
2013-11-21,reddit,703,0.1968,419,200
2013-11-22,reddit,632,0.2037,367,174
2013-11-23,reddit,481,0.237,288,119
2013-11-24,reddit,607,0.2157,355,156
2013-11-25,reddit,1053,0.1806,609,308
2013-11-26,reddit,1075,0.2196,618,252
2013-11-27,reddit,661,0.2341,417,157
2013-11-28,reddit,668,0.2754,436,148
2013-11-29,reddit,704,0.1875,397,197
2013-11-30,reddit,668,0.2088,397,178
2013-12-01,reddit,610,0.1548,339,199
2013-12-02,reddit,809,0.1954,464,224
2013-12-03,reddit,750,0.178,426,228
2013-12-04,reddit,962,0.2136,567,255
2013-12-05,reddit,1040,0.123,539,340
2013-12-06,reddit,871,0.1792,491,236
2013-12-07,reddit,717,0.2087,416,186
2013-12-08,reddit,941,0.1954,554,251
2013-12-09,reddit,785,0.1677,457,230
2013-12-10,reddit,936,0.1469,502,280
2013-12-11,reddit,547,0.2063,311,144
2013-12-12,reddit,940,0.1599,510,295
2013-12-13,reddit,735,0.1771,413,229
2013-12-14,reddit,539,0.1735,301,169
2013-12-15,reddit,567,0.2571,350,122
2013-12-16,reddit,678,0.1856,374,186
2013-12-17,reddit,597,0.201,338,165
2013-12-18,reddit,716,0.205,406,193
2013-12-19,reddit,837,0.2056,494,207
2013-12-20,reddit,617,0.2022,360,171
2013-12-21,reddit,421,0.211,244,112
2013-12-22,reddit,380,0.2096,214,92
2013-12-23,reddit,413,0.2258,247,116
2013-12-24,reddit,595,0.2665,356,136
2013-12-25,reddit,512,0.152,276,155
2013-12-26,reddit,460,0.2096,257,126
2013-12-27,reddit,703,0.2295,420,181
2013-12-28,reddit,720,0.2012,409,205
2013-12-29,reddit,721,0.2684,456,154
2013-12-30,reddit,693,0.1803,397,186
2013-12-31,reddit,809,0.1599,439,253
2014-01-01,reddit,611,0.1847,351,166
2014-01-02,reddit,1079,0.188,603,302
2014-01-03,reddit,972,0.1778,550,287
2014-01-04,reddit,687,0.2863,448,147
2014-01-05,reddit,619,0.2035,358,150
2014-01-06,reddit,579,0.2353,342,129
2014-01-07,reddit,729,0.1672,399,218
2014-01-08,reddit,945,0.2355,559,255
2014-01-09,reddit,818,0.2268,500,205
2014-01-10,reddit,796,0.1999,449,210
2014-01-11,reddit,1021,0.1554,541,315
2014-01-12,reddit,950,0.2144,569,247
2014-01-13,reddit,823,0.2557,524,184
2014-01-14,reddit,859,0.223,493,210
2014-01-15,reddit,966,0.2644,606,215
2014-01-16,reddit,1014,0.1921,584,287
2014-01-17,reddit,824,0.2098,497,232
2014-01-18,reddit,807,0.2021,468,221
2014-01-19,reddit,707,0.2129,425,197
2014-01-20,reddit,503,0.2335,304,113
2014-01-21,reddit,787,0.2725,494,183
2014-01-22,reddit,2275,0.1632,1216,611
2014-01-23,reddit,1276,0.2023,729,350
2014-01-24,reddit,1061,0.1948,613,279
2014-01-25,reddit,695,0.2238,406,190
2014-01-26,reddit,600,0.249,363,149
2014-01-27,reddit,1015,0.2299,591,254
2014-01-28,reddit,600,0.2065,352,168
2014-01-29,reddit,1025,0.1911,580,302
2014-01-30,reddit,1139,0.129,566,360
2014-01-31,reddit,728,0.1763,397,199
2014-02-01,reddit,513,0.1994,303,136
2014-02-02,reddit,591,0.214,349,151
2014-02-03,reddit,707,0.2573,436,160
2014-02-04,reddit,810,0.1983,472,229
2014-02-05,reddit,1192,0.2243,728,309
2014-02-06,reddit,961,0.1789,542,266
2014-02-07,reddit,987,0.1904,556,276
2014-02-08,reddit,628,0.1883,349,183
2014-02-09,reddit,949,0.1356,499,287
2014-02-10,reddit,1009,0.1957,579,286
2014-02-11,reddit,820,0.2322,504,199
2014-02-12,reddit,1047,0.1924,595,308
2014-02-13,reddit,1437,0.1857,795,396
2014-02-14,reddit,1305,0.1659,700,379
2014-02-15,reddit,582,0.2399,354,148
2014-02-16,reddit,1024,0.1973,585,262
2014-02-17,reddit,1017,0.2765,647,250
2014-02-18,reddit,1001,0.2376,601,253
2014-02-19,reddit,919,0.2638,578,218
2014-02-20,reddit,1344,0.1569,742,409
2014-02-21,reddit,951,0.2024,557,256
2014-02-22,reddit,630,0.2403,387,147
2014-02-23,reddit,819,0.1873,465,217
2014-02-24,reddit,1303,0.2278,787,343
2014-02-25,reddit,1027,0.192,602,286
2014-02-26,reddit,996,0.2058,577,268
2014-02-27,reddit,722,0.1934,428,197
2014-02-28,reddit,932,0.2276,564,243
2014-03-01,reddit,710,0.1573,373,221
2014-03-02,reddit,741,0.2025,438,192
2014-03-03,reddit,744,0.2314,464,193
2014-03-04,reddit,988,0.2827,625,204
2014-03-05,reddit,1153,0.2329,686,291
2014-03-06,reddit,933,0.1948,531,277
2014-03-07,reddit,979,0.3911,688,179
2014-03-08,reddit,664,0.1834,371,193
2014-03-09,reddit,744,0.2218,444,193
2014-03-10,reddit,1561,0.23,889,346
2014-03-11,reddit,985,0.2542,596,217
2014-03-12,reddit,989,0.1876,561,286
2014-03-13,reddit,769,0.1587,427,219
2014-03-14,reddit,1120,0.2266,657,258
2014-03-15,reddit,903,0.1938,505,220
2014-03-16,reddit,838,0.1927,464,213
2014-03-17,reddit,1304,0.2525,781,274
2014-03-18,reddit,1160,0.2526,705,244
2014-03-19,reddit,1726,0.2885,1107,354
2014-03-20,reddit,1208,0.2471,747,276
2014-03-21,reddit,818,0.2448,494,190
2014-03-22,reddit,781,0.2012,429,213
2014-03-23,reddit,560,0.2007,332,143
2014-03-24,reddit,873,0.2233,505,212
2014-03-25,reddit,1081,0.1964,610,282
2014-03-26,reddit,883,0.1896,484,223
2014-03-27,reddit,1090,0.1475,583,322
2014-03-28,reddit,920,0.1617,509,267
2014-03-29,reddit,864,0.1694,474,226
2014-03-30,reddit,903,0.1842,509,231
2014-03-31,reddit,1387,0.1863,766,357
2014-04-01,reddit,1175,0.1896,670,329
2014-04-02,reddit,979,0.1788,552,295
2014-04-03,reddit,820,0.2152,485,230
2014-04-04,reddit,801,0.1549,443,256
2014-04-05,reddit,649,0.1612,362,205
2014-04-06,reddit,735,0.1826,423,202
2014-04-07,reddit,1291,0.1955,745,334
2014-04-08,reddit,1101,0.2091,621,280
2014-04-09,reddit,754,0.2388,467,179
2014-04-10,reddit,795,0.1749,430,228
2014-04-11,reddit,940,0.2727,576,183
2014-04-12,reddit,571,0.2146,333,148
2014-04-13,reddit,645,0.1554,343,184
2014-04-14,reddit,863,0.1886,486,223
2014-04-15,reddit,911,0.2069,531,229
2014-04-16,reddit,1229,0.2485,747,299
2014-04-17,reddit,915,0.216,525,230
2014-04-18,reddit,718,0.2264,419,173
2014-04-19,reddit,696,0.237,424,153
2014-04-20,reddit,745,0.2053,437,197
2014-04-21,reddit,1314,0.2,763,331
2014-04-22,reddit,1347,0.181,751,385
2014-04-23,reddit,1171,0.199,672,337
2014-04-24,reddit,783,0.246,484,185
2014-04-25,reddit,1094,0.1684,614,339
2014-04-26,reddit,669,0.1915,378,179
2014-04-27,reddit,665,0.1922,363,176
2014-04-28,reddit,1206,0.1807,668,333
2014-04-29,reddit,824,0.2003,485,236
2014-04-30,reddit,858,0.1718,474,247
2014-05-01,reddit,706,0.2287,419,171
2014-05-02,reddit,963,0.1706,528,280
2014-05-03,reddit,874,0.2612,542,184
2014-05-04,reddit,722,0.1864,429,197
2014-05-05,reddit,932,0.2181,568,233
2014-05-06,reddit,713,0.2029,412,191
2014-05-07,reddit,1081,0.1987,606,281
2014-05-08,reddit,961,0.2082,569,240
2014-05-09,reddit,1025,0.1937,572,280
2014-05-10,reddit,1081,0.2184,638,250
2014-05-11,reddit,1047,0.2003,606,261
2014-05-12,reddit,1642,0.2204,957,393
2014-05-13,reddit,1115,0.2516,691,271
2014-05-14,reddit,999,0.1977,563,259
2014-05-15,reddit,1231,0.155,682,376
2014-05-16,reddit,1201,0.1533,645,346
2014-05-17,reddit,747,0.1878,424,204
2014-05-18,reddit,700,0.1936,403,198
2014-05-19,reddit,961,0.2297,574,236
2014-05-20,reddit,924,0.2228,552,239
2014-05-21,reddit,1152,0.2923,746,249
2014-05-22,reddit,750,0.2037,439,189
2014-05-23,reddit,752,0.163,410,219
2014-05-24,reddit,756,0.166,419,228
2014-05-25,reddit,562,0.2094,330,141
2014-05-26,reddit,707,0.216,412,180
2014-05-27,reddit,956,0.2045,560,254
2014-05-28,reddit,814,0.1788,451,222
2014-05-29,reddit,887,0.195,503,251
2014-05-30,reddit,665,0.1749,371,183
2014-05-31,reddit,446,0.1829,254,126
2014-06-01,reddit,472,0.2203,273,113
2014-06-02,reddit,546,0.2583,350,131
2014-06-03,reddit,677,0.2269,399,180
2014-06-04,reddit,891,0.2437,542,209
2014-06-05,reddit,716,0.2156,416,186
2014-06-06,reddit,676,0.2076,402,176
2014-06-07,reddit,716,0.1937,406,189
2014-06-08,reddit,711,0.1945,410,181
2014-06-09,reddit,685,0.1853,390,191
2014-06-10,reddit,604,0.1592,325,178
2014-06-11,reddit,1165,0.2548,728,287
2014-06-12,reddit,1099,0.2239,664,284
2014-06-13,reddit,1296,0.1874,732,362
2014-06-14,reddit,980,0.1432,510,290
2014-06-15,reddit,703,0.1952,417,187
2014-06-16,reddit,735,0.22,418,181
2014-06-17,reddit,786,0.2609,498,165
2014-06-18,reddit,936,0.2032,536,223
2014-06-19,reddit,825,0.1934,459,211
2014-06-20,reddit,807,0.2326,487,210
2014-06-21,reddit,421,0.2495,256,103
2014-06-22,reddit,715,0.1856,397,186
2014-06-23,reddit,1109,0.1837,604,299
2014-06-24,reddit,844,0.1622,458,256
2014-06-25,reddit,897,0.1868,505,251
2014-06-26,reddit,869,0.1329,444,253
2014-06-27,reddit,834,0.2177,482,213
2014-06-28,reddit,725,0.1813,414,196
2014-06-29,reddit,538,0.1872,311,144
2014-06-30,reddit,473,0.1813,264,126
2014-07-01,reddit,625,0.1999,366,157
2014-07-02,reddit,907,0.221,529,231
2014-07-03,reddit,1184,0.1745,650,317
2014-07-04,reddit,604,0.1691,332,153
2014-07-05,reddit,397,0.1971,228,100
2014-07-06,reddit,344,0.1995,191,88
2014-07-07,reddit,1025,0.1398,556,318
2014-07-08,reddit,1125,0.191,630,268
2014-07-09,reddit,1174,0.1726,649,344
2014-07-10,reddit,744,0.2131,442,201
2014-07-11,reddit,615,0.2619,381,135
2014-07-12,reddit,499,0.1876,290,132
2014-07-13,reddit,474,0.1652,269,150
2014-07-14,reddit,602,0.2134,350,155
2014-07-15,reddit,731,0.2052,419,195
2014-07-16,reddit,665,0.2113,386,174
2014-07-17,reddit,978,0.222,578,238
2014-07-18,reddit,696,0.2308,418,159
2014-07-19,reddit,490,0.1738,260,124
2014-07-20,reddit,1069,0.1618,573,296
2014-07-21,reddit,744,0.1663,389,200
2014-07-22,reddit,525,0.2185,307,132
2014-07-23,reddit,624,0.2198,363,150
2014-07-24,reddit,690,0.148,371,208
2014-07-25,reddit,569,0.1962,321,170
2014-07-26,reddit,410,0.2449,248,99
2014-07-27,reddit,527,0.201,310,144
2014-07-28,reddit,824,0.1576,444,229
2014-07-29,reddit,489,0.2116,295,131
2014-07-30,reddit,929,0.113,481,322
2014-07-31,reddit,789,0.1619,429,229
2014-08-01,reddit,709,0.1632,391,201
2014-08-02,reddit,526,0.1595,280,148
2014-08-03,reddit,612,0.1961,327,155
2014-08-04,reddit,579,0.2154,332,146
2014-08-05,reddit,646,0.152,343,200
2014-08-06,reddit,1029,0.2609,630,240
2014-08-07,reddit,785,0.277,499,175
2014-08-08,reddit,616,0.1909,350,172
2014-08-09,reddit,550,0.1557,292,161
2014-08-10,reddit,737,0.2638,455,170
2014-08-11,reddit,581,0.2202,346,144
2014-08-12,reddit,673,0.1728,365,183
2014-08-13,reddit,1115,0.1923,632,298
2014-08-14,reddit,710,0.1669,391,225
2014-08-15,reddit,872,0.1482,474,269
2014-08-16,reddit,732,0.1189,377,241
2014-08-17,reddit,537,0.159,288,153
2014-08-18,reddit,774,0.1941,427,200
2014-08-19,reddit,937,0.1921,533,263
2014-08-20,reddit,664,0.1812,370,193
2014-08-21,reddit,692,0.2121,398,165
2014-08-22,reddit,688,0.2111,384,159
2014-08-23,reddit,673,0.1862,377,194
2014-08-24,reddit,540,0.0768,259,208
2014-08-25,reddit,1494,0.2115,865,404
2014-08-26,reddit,731,0.2115,413,195
2014-08-27,reddit,1005,0.1913,578,251
2014-08-28,reddit,718,0.1962,411,184
2014-08-29,reddit,623,0.1255,336,194
2014-08-30,reddit,646,0.2236,378,160
2014-08-31,reddit,858,0.1423,440,254
2014-09-01,reddit,378,0.2258,217,91
2014-09-02,reddit,839,0.2211,504,203
2014-09-03,reddit,622,0.198,366,170
2014-09-04,reddit,727,0.1578,405,207
2014-09-05,reddit,654,0.2791,419,159
2014-09-06,reddit,562,0.0895,276,197
2014-09-07,reddit,609,0.226,370,152
2014-09-08,reddit,587,0.1955,330,167
2014-09-09,reddit,720,0.2314,429,165
2014-09-10,reddit,591,0.24,369,129
2014-09-11,reddit,618,0.1699,330,191
2014-09-12,reddit,612,0.1834,337,167
2014-09-13,reddit,529,0.1727,279,134
2014-09-14,reddit,389,0.2356,236,98
2014-09-15,reddit,723,0.1932,418,184
2014-09-16,reddit,1306,0.1944,740,336
2014-09-17,reddit,1083,0.1571,580,304
2014-09-18,reddit,1047,0.1635,548,285
2014-09-19,reddit,1093,0.1341,590,333
2014-09-20,reddit,579,0.1629,306,156
2014-09-21,reddit,617,0.1839,345,154
2014-09-22,reddit,814,0.2501,496,181
2014-09-23,reddit,1203,0.1851,670,288
2014-09-24,reddit,1478,0.1342,761,475
2014-09-25,reddit,739,0.1643,415,216
2014-09-26,reddit,658,0.2461,402,170
2014-09-27,reddit,598,0.2305,347,146
2014-09-28,reddit,602,0.1504,316,179
2014-09-29,reddit,946,0.2313,550,221
2014-09-30,reddit,1031,0.2266,613,245
2014-10-01,reddit,1163,0.0961,582,405
2014-10-02,reddit,1344,0.2003,781,349
2014-10-03,reddit,945,0.1909,531,253
2014-10-04,reddit,653,0.1688,361,209
2014-10-05,reddit,951,0.1981,542,242
2014-10-06,reddit,839,0.1865,466,243
2014-10-07,reddit,771,0.2425,463,172
2014-10-08,reddit,761,0.2037,431,202
2014-10-09,reddit,1116,0.2192,653,288
2014-10-10,reddit,1049,0.1908,602,296
2014-10-11,reddit,728,0.1932,422,206
2014-10-12,reddit,505,0.2401,295,125
2014-10-13,reddit,660,0.1796,366,200
2014-10-14,reddit,1043,0.227,633,246
2014-10-15,reddit,765,0.2157,450,193
2014-10-16,reddit,829,0.1941,460,216
2014-10-17,reddit,806,0.1785,446,245
2014-10-18,reddit,532,0.1791,286,155
2014-10-19,reddit,819,0.3091,510,154
2014-10-20,reddit,663,0.2269,385,177
2014-10-21,reddit,667,0.2443,407,169
2014-10-22,reddit,1080,0.2609,668,252
2014-10-23,reddit,938,0.1944,529,243
2014-10-24,reddit,1015,0.1645,538,267
2014-10-25,reddit,718,0.1991,406,187
2014-10-26,reddit,541,0.1916,300,153
2014-10-27,reddit,1162,0.1681,635,327
2014-10-28,reddit,991,0.1739,566,270
2014-10-29,reddit,706,0.2345,427,171
2014-10-30,reddit,991,0.1872,544,261
2014-10-31,reddit,851,0.2009,484,220
2014-11-01,reddit,703,0.1445,362,213
2014-11-02,reddit,959,0.2012,534,249
2014-11-03,reddit,817,0.1655,458,230
2014-11-04,reddit,924,0.1544,489,273
2014-11-05,reddit,1189,0.1731,662,341
2014-11-06,reddit,1262,0.1937,733,377
2014-11-07,reddit,925,0.1773,516,252
2014-11-08,reddit,654,0.2349,385,163
2014-11-09,reddit,668,0.2523,410,158
2014-11-10,reddit,787,0.2274,471,197
2014-11-11,reddit,1014,0.2057,588,295
2014-11-12,reddit,1354,0.1936,723,316
2014-11-13,reddit,858,0.1976,482,226
2014-11-14,reddit,857,0.1982,499,222
2014-11-15,reddit,786,0.2358,466,173
2014-11-16,reddit,632,0.2127,361,144
2014-11-17,reddit,879,0.2259,513,203
2014-11-18,reddit,899,0.1942,497,252
2014-11-19,reddit,1018,0.2601,617,227
2014-11-20,reddit,1211,0.2604,733,244
2014-11-21,reddit,1035,0.2215,589,223
2014-11-22,reddit,888,0.1578,473,262
2014-11-23,reddit,1078,0.1192,531,353
2014-11-24,reddit,932,0.2041,528,238
2014-11-25,reddit,977,0.2173,590,234
2014-11-26,reddit,1098,0.2376,671,272
2014-11-27,reddit,908,0.2131,533,243
2014-11-28,reddit,952,0.1997,547,225
2014-11-29,reddit,583,0.2378,346,142
2014-11-30,reddit,830,0.1666,454,224
2014-12-01,reddit,856,0.1744,475,239
2014-12-02,reddit,781,0.1675,425,227
2014-12-03,reddit,959,0.2361,561,245
2014-12-04,reddit,842,0.1767,478,228
2014-12-05,reddit,885,0.1927,488,229
2014-12-06,reddit,747,0.1946,424,192
2014-12-07,reddit,661,0.2093,370,157
2014-12-08,reddit,784,0.1737,434,210
2014-12-09,reddit,1193,0.1578,621,325
2014-12-10,reddit,1327,0.2245,777,341
2014-12-11,reddit,1238,0.2463,759,299
2014-12-12,reddit,879,0.2659,545,213
2014-12-13,reddit,721,0.253,427,165
2014-12-14,reddit,805,0.2459,506,181
2014-12-15,reddit,1142,0.1948,629,270
2014-12-16,reddit,954,0.2125,562,229
2014-12-17,reddit,728,0.2205,420,184
2014-12-18,reddit,589,0.118,293,198
2014-12-19,reddit,773,0.2224,452,183
2014-12-20,reddit,636,0.1472,324,194
2014-12-21,reddit,425,0.0895,204,146
2014-12-22,reddit,779,0.103,380,265
2014-12-23,reddit,843,0.1858,475,232
2014-12-24,reddit,707,0.2319,424,185
2014-12-25,reddit,609,0.2116,356,156
2014-12-26,reddit,627,0.1803,349,170
2014-12-27,reddit,611,0.1967,347,168
2014-12-28,reddit,826,0.2274,497,210
2014-12-29,reddit,605,0.2416,377,145
2014-12-30,reddit,647,0.2443,393,158
2014-12-31,reddit,796,0.2245,474,190
2015-01-01,reddit,611,0.2013,330,159
2015-01-02,reddit,995,0.1267,521,319
2015-01-03,reddit,749,0.104,365,249
2015-01-04,reddit,491,0.216,282,106
2015-01-05,reddit,617,0.2413,379,127
2015-01-06,reddit,842,0.2275,500,218
2015-01-07,reddit,917,0.1928,530,244
2015-01-08,reddit,1043,0.1931,574,258
2015-01-09,reddit,1016,0.2176,605,251
2015-01-10,reddit,789,0.1588,421,226
2015-01-11,reddit,652,0.1756,367,172
2015-01-12,reddit,820,0.1667,436,218
2015-01-13,reddit,1152,0.1606,617,314
2015-01-14,reddit,1313,0.1762,726,356
2015-01-15,reddit,810,0.1825,447,233
2015-01-16,reddit,752,0.1879,417,215
2015-01-17,reddit,764,0.1949,437,189
2015-01-18,reddit,686,0.1801,375,190
2015-01-19,reddit,961,0.2024,550,239
2015-01-20,reddit,1068,0.2523,614,218
2015-01-21,reddit,870,0.1711,486,220
2015-01-22,reddit,1368,0.2139,806,344
2015-01-23,reddit,810,0.211,462,184
2015-01-24,reddit,758,0.2045,423,185
2015-01-25,reddit,747,0.1665,421,233
2015-01-26,reddit,726,0.2116,419,199
2015-01-27,reddit,863,0.1837,457,244
2015-01-28,reddit,1341,0.2335,785,299
2015-01-29,reddit,1435,0.1781,785,378
2015-01-30,reddit,1204,0.2103,691,303
2015-01-31,reddit,563,0.1677,312,164
2015-02-01,reddit,513,0.224,301,114
2015-02-02,reddit,1209,0.1761,650,310
2015-02-03,reddit,853,0.2955,539,166
2015-02-04,reddit,1202,0.1936,669,320
2015-02-05,reddit,1217,0.1962,676,354
2015-02-06,reddit,1316,0.1734,720,366
2015-02-07,reddit,803,0.1645,437,231
2015-02-08,reddit,710,0.1609,385,218
2015-02-09,reddit,1368,0.1308,721,438
2015-02-10,reddit,1415,0.1679,773,426
2015-02-11,reddit,636,0.1462,341,189
2015-02-12,reddit,901,0.2173,521,255
2015-02-13,reddit,673,0.2116,378,185
2015-02-14,reddit,613,0.1896,341,160
2015-02-15,reddit,742,0.203,414,178
2015-02-16,reddit,586,0.2333,348,131
2015-02-17,reddit,727,0.1952,421,197
2015-02-18,reddit,800,0.175,435,223
2015-02-19,reddit,946,0.2017,542,250
2015-02-20,reddit,978,0.2808,628,207
2015-02-21,reddit,807,0.2017,471,219
2015-02-22,reddit,701,0.1961,402,193
2015-02-23,reddit,677,0.1855,373,178
2015-02-24,reddit,764,0.2527,461,198
2015-02-25,reddit,954,0.1768,522,286
2015-02-26,reddit,1252,0.2177,745,307
2015-02-27,reddit,758,0.2059,429,196
2015-02-28,reddit,615,0.1968,359,171
2015-03-01,reddit,801,0.226,476,194
2015-03-02,reddit,861,0.1645,469,239
2015-03-03,reddit,897,0.1986,500,216
2015-03-04,reddit,1445,0.2726,936,295
2015-03-05,reddit,1004,0.2031,583,266
2015-03-06,reddit,854,0.2107,503,207
2015-03-07,reddit,1383,0.1654,742,365
2015-03-08,reddit,726,0.1884,399,169
2015-03-09,reddit,894,0.2352,542,194
2015-03-10,reddit,962,0.1886,539,236
2015-03-11,reddit,1097,0.216,646,266
2015-03-12,reddit,1241,0.1974,713,298
2015-03-13,reddit,808,0.1635,439,213
2015-03-14,reddit,903,0.1874,492,226
2015-03-15,reddit,536,0.2408,323,132
2015-03-16,reddit,840,0.1947,479,228
2015-03-17,reddit,854,0.2247,518,221
2015-03-18,reddit,1179,0.2003,685,311
2015-03-19,reddit,719,0.2252,415,179
2015-03-20,reddit,1040,0.1666,575,311
2015-03-21,reddit,645,0.0597,310,237
2015-03-22,reddit,660,0.1826,385,188
2015-03-23,reddit,927,0.264,565,211
2015-03-24,reddit,1199,0.1765,673,344
2015-03-25,reddit,1023,0.1499,566,317
2015-03-26,reddit,821,0.1801,475,245
2015-03-27,reddit,831,0.2375,491,205
2015-03-28,reddit,935,0.1796,526,258
2015-03-29,reddit,949,0.1177,485,315
2015-03-30,reddit,1210,0.2063,700,332
2015-03-31,reddit,877,0.2691,544,210
2015-04-01,reddit,1471,0.1614,787,404
2015-04-02,reddit,1313,0.2003,759,322
2015-04-03,reddit,912,0.1643,503,267
2015-04-04,reddit,954,0.0601,436,340
2015-04-05,reddit,934,0.2295,544,226
2015-04-06,reddit,926,0.2449,555,221
2015-04-07,reddit,1488,0.212,861,373
2015-04-08,reddit,1823,0.1992,1047,470
2015-04-09,reddit,1134,0.1457,622,353
2015-04-10,reddit,1237,0.2117,708,304
2015-04-11,reddit,830,0.1715,463,225
2015-04-12,reddit,977,0.2139,545,231
2015-04-13,reddit,1141,0.162,626,334
2015-04-14,reddit,1115,0.2233,638,275
2015-04-15,reddit,1335,0.1844,711,348
2015-04-16,reddit,962,0.1321,510,309
2015-04-17,reddit,1120,0.209,655,284
2015-04-18,reddit,576,0.2292,338,141
2015-04-19,reddit,635,0.2224,378,159
2015-04-20,reddit,813,0.2198,476,185
2015-04-21,reddit,1084,0.1934,634,302
2015-04-22,reddit,923,0.1881,504,251
2015-04-23,reddit,1020,0.2221,599,249
2015-04-24,reddit,780,0.1947,441,202
2015-04-25,reddit,936,0.1294,450,244
2015-04-26,reddit,1045,0.1736,540,259
2015-04-27,reddit,1290,0.2153,752,332
2015-04-28,reddit,975,0.1795,521,260
2015-04-29,reddit,1231,0.1358,646,384
2015-04-30,reddit,1336,0.1456,695,378
2015-05-01,reddit,1011,0.1807,556,291
2015-05-02,reddit,645,0.2038,370,179
2015-05-03,reddit,567,0.2371,343,130
2015-05-04,reddit,1039,0.2063,600,261
2015-05-05,reddit,1332,0.2448,797,335
2015-05-06,reddit,1291,0.2417,766,332
2015-05-07,reddit,944,0.2136,531,252
2015-05-08,reddit,525,0.219,305,133
2015-05-09,reddit,602,0.1809,330,159
2015-05-10,reddit,932,0.0645,443,340
2015-05-11,reddit,718,0.1739,395,197
2015-05-12,reddit,933,0.1306,492,282
2015-05-13,reddit,976,0.1813,539,273
2015-05-14,reddit,1128,0.2217,656,272
2015-05-15,reddit,1216,0.1837,668,317
2015-05-16,reddit,863,0.1427,455,252
2015-05-17,reddit,668,0.1878,375,192
2015-05-18,reddit,819,0.1995,467,228
2015-05-19,reddit,1075,0.213,621,291
2015-05-20,reddit,1135,0.1757,633,305
2015-05-21,reddit,1013,0.2603,626,229
2015-05-22,reddit,895,0.1702,503,248
2015-05-23,reddit,719,0.1529,368,206
2015-05-24,reddit,834,0.1725,463,232
2015-05-25,reddit,712,0.2302,415,153
2015-05-26,reddit,846,0.2843,544,173
2015-05-27,reddit,1660,0.2011,988,450
2015-05-28,reddit,1118,0.1942,660,306
2015-05-29,reddit,1061,0.1577,556,292
2015-05-30,reddit,486,0.2292,286,129
2015-05-31,reddit,1108,0.1622,586,318
2015-06-01,reddit,698,0.2107,408,173
2015-06-02,reddit,815,0.1827,449,205
2015-06-03,reddit,1056,0.235,646,241
2015-06-04,reddit,968,0.1976,551,266
2015-06-05,reddit,759,0.1772,406,201
2015-06-06,reddit,511,0.1591,259,125
2015-06-07,reddit,597,0.1893,311,140
2015-06-08,reddit,443,0.1829,236,102
2015-06-09,reddit,937,0.2072,528,252
2015-06-10,reddit,964,0.1702,521,277
2015-06-11,reddit,955,0.1941,535,252
2015-06-12,reddit,896,0.2126,536,245
2015-06-13,reddit,789,0.252,499,176
2015-06-14,reddit,536,0.1531,283,162
2015-06-15,reddit,1020,0.2094,576,251
2015-06-16,reddit,870,0.1903,480,221
2015-06-17,reddit,955,0.2718,600,231
2015-06-18,reddit,517,0.2818,331,113
2015-06-19,reddit,735,0.2212,441,199
2015-06-20,reddit,1125,0.073,558,428
2015-06-21,reddit,1204,0.185,666,316
2015-06-22,reddit,1359,0.148,712,400
2015-06-23,reddit,716,0.1628,385,207
2015-06-24,reddit,505,0.2132,300,142
2015-06-25,reddit,754,0.2213,432,180
2015-06-26,reddit,711,0.2237,417,168
2015-06-27,reddit,697,0.2464,408,152
2015-06-28,reddit,793,0.2462,477,196
2015-06-29,reddit,1115,0.2548,695,262
2015-06-30,reddit,820,0.2549,486,178
2015-07-01,reddit,1004,0.2329,594,237
2015-07-02,reddit,785,0.1948,435,225
2015-07-03,reddit,1229,0.1277,595,346
2015-07-04,reddit,970,0.1893,537,239
2015-07-05,reddit,1136,0.1759,602,312
2015-07-06,reddit,1221,0.1929,674,318
2015-07-07,reddit,1481,0.1337,725,383
2015-07-08,reddit,990,0.232,602,240
2015-07-09,reddit,885,0.1587,491,247
2015-07-10,reddit,765,0.2031,437,180
2015-07-11,reddit,725,0.1532,371,189
2015-07-12,reddit,1088,0.0854,531,379
2015-07-13,reddit,988,0.2152,568,243
2015-07-14,reddit,1863,0.2036,1015,426
2015-07-15,reddit,1051,0.1907,565,239
2015-07-16,reddit,1407,0.2181,804,336
2015-07-17,reddit,727,0.2633,440,153
2015-07-18,reddit,1245,0.1402,672,378
2015-07-19,reddit,1139,0.1844,631,300
2015-07-20,reddit,1110,0.1872,630,299
2015-07-21,reddit,1217,0.2275,712,283
2015-07-22,reddit,762,0.2149,441,205
2015-07-23,reddit,1300,0.1801,728,399
2015-07-24,reddit,1698,0.2197,943,341
2015-07-25,reddit,1003,0.2614,604,224
2015-07-26,reddit,682,0.1826,393,183
2015-07-27,reddit,751,0.2938,488,174
2015-07-28,reddit,1207,0.1317,624,376
2015-07-29,reddit,1242,0.1564,667,350
2015-07-30,reddit,1188,0.1951,679,304
2015-07-31,reddit,836,0.2395,504,197
2015-08-01,reddit,407,0.2036,242,101
2015-08-02,reddit,1320,0.1591,670,324
2015-08-03,reddit,925,0.177,490,234
2015-08-04,reddit,804,0.2905,518,162
2015-08-05,reddit,696,0.2433,417,170
2015-08-06,reddit,780,0.2402,479,193
2015-08-07,reddit,1395,0.175,742,361
2015-08-08,reddit,1045,0.1423,524,337
2015-08-09,reddit,729,0.1627,392,247
2015-08-10,reddit,1242,0.2009,691,360
2015-08-11,reddit,1023,0.1839,545,331
2015-08-12,reddit,835,0.2036,462,254
2015-08-13,reddit,919,0.1263,464,304
2015-08-14,reddit,1003,0.1363,497,301
2015-08-15,reddit,680,0.1244,348,222
2015-08-16,reddit,628,0.0744,294,237
2015-08-17,reddit,1508,0.182,828,415
2015-08-18,reddit,1239,0.1754,691,379
2015-08-19,reddit,1159,0.1855,664,359
2015-08-20,reddit,1202,0.1245,649,383
2015-08-21,reddit,719,0.1139,368,264
2015-08-22,reddit,565,0.0945,265,208
2015-08-23,reddit,810,0.1231,409,266
2015-08-24,reddit,745,0.13,392,233
2015-08-25,reddit,1157,0.1387,627,398
2015-08-26,reddit,1138,0.1326,585,388
2015-08-27,reddit,1055,0.1085,535,377
2015-08-28,reddit,931,0.0795,457,359
2015-08-29,reddit,892,0.0362,406,354
2015-08-30,reddit,1014,0.09,486,344
2015-08-31,reddit,915,0.1362,485,278
2015-09-01,reddit,1021,0.1669,566,305
2013-02-26,twitter,1,0.2382,1,0
2013-03-11,twitter,1,0.7286,1,0
2013-04-13,twitter,1,0.0,0,0
2013-04-15,twitter,1,0.0,0,0
2013-08-11,twitter,1,-0.0772,0,1
2013-08-26,twitter,1,0.0,0,0
2013-09-23,twitter,1,0.8176,1,0
2013-10-05,twitter,1,0.0516,1,0
2013-10-10,twitter,1,0.3612,1,0
2013-11-24,twitter,1,0.3054,1,0
2013-12-17,twitter,1,-0.6486,0,1
2014-01-02,twitter,2,0.2416,1,1
2014-01-13,twitter,1,0.0,0,0
2014-01-14,twitter,1,0.0,0,0
2014-01-15,twitter,1,0.0,0,0
2014-01-26,twitter,1,0.0,0,0
2014-02-01,twitter,1,0.0,0,0
2014-02-05,twitter,1,0.0,0,0
2014-02-06,twitter,1,0.4019,1,0
2014-02-07,twitter,1,0.0,0,0
2014-02-11,twitter,2,-0.3635,0,1
2014-02-23,twitter,1,0.1779,1,0
2014-02-24,twitter,1,0.2263,1,0
2014-02-28,twitter,1,-0.296,0,1
2014-03-06,twitter,2,0.5292,2,0
2014-03-26,twitter,1,0.824,1,0
2014-03-27,twitter,1,-0.0516,0,1
2014-03-28,twitter,1,0.4019,1,0
2014-04-11,twitter,1,0.0,0,0
2014-04-17,twitter,1,0.0,0,0
2014-04-20,twitter,3,0.1118,1,0
2014-04-27,twitter,1,0.7088,1,0
2014-04-28,twitter,2,0.4767,2,0
2014-05-05,twitter,2,-0.148,0,1
2014-05-06,twitter,1,0.0,0,0
2014-05-09,twitter,1,0.0,0,0
2014-05-11,twitter,2,0.5602,2,0
2014-05-16,twitter,1,0.4019,1,0
2014-05-17,twitter,1,0.0,0,0
2014-05-18,twitter,1,0.4404,1,0
2014-05-21,twitter,1,0.0,0,0
2014-05-29,twitter,1,0.4754,1,0
2014-05-31,twitter,2,0.5886,2,0
2014-06-01,twitter,1,0.4939,1,0
2014-06-02,twitter,2,0.0,0,0
2014-06-03,twitter,1,0.3612,1,0
2014-06-05,twitter,2,-0.7525,0,2
2014-06-06,twitter,1,0.802,1,0
2014-06-10,twitter,1,-0.1027,0,1
2014-06-12,twitter,2,0.1099,1,1
2014-06-18,twitter,1,0.4926,1,0
2014-06-21,twitter,1,0.0,0,0
2014-06-22,twitter,1,0.1645,1,0
2014-06-23,twitter,1,0.0,0,0
2014-06-28,twitter,1,0.4767,1,0
2014-06-30,twitter,1,-0.4939,0,1
2014-07-11,twitter,1,0.0,0,0
2014-07-14,twitter,2,0.201,1,0
2014-07-18,twitter,2,0.35,2,0
2014-07-19,twitter,1,0.3612,1,0
2014-07-21,twitter,1,0.3612,1,0
2014-07-24,twitter,3,-0.0212,1,1
2014-07-28,twitter,2,0.2377,1,0
2014-07-29,twitter,2,0.0404,1,1
2014-07-31,twitter,1,0.2732,1,0
2014-08-01,twitter,2,-0.148,0,1
2014-08-04,twitter,2,0.3353,1,0
2014-08-06,twitter,2,0.2108,1,0
2014-08-08,twitter,2,0.3747,1,0
2014-08-10,twitter,1,0.25,1,0
2014-08-12,twitter,1,0.4939,1,0
2014-08-13,twitter,2,-0.1157,1,1
2014-08-15,twitter,3,0.0754,1,0
2014-08-17,twitter,1,0.3182,1,0
2014-08-18,twitter,1,0.0,0,0
2014-08-20,twitter,1,-0.1027,0,1
2014-08-29,twitter,1,0.0,0,0
2014-08-30,twitter,1,0.0,0,0
2014-09-01,twitter,1,0.0,0,0
2014-09-03,twitter,1,0.743,1,0
2014-09-04,twitter,1,0.8772,1,0
2014-09-05,twitter,1,-0.6249,0,1
2014-09-07,twitter,1,0.0,0,0
2014-09-08,twitter,1,0.0,0,0
2014-09-13,twitter,1,0.7003,1,0
2014-09-15,twitter,1,0.802,1,0
2014-09-16,twitter,2,0.3353,1,0
2014-09-18,twitter,1,-0.1531,0,1
2014-09-20,twitter,1,0.0,0,0
2014-09-22,twitter,1,-0.3182,0,1
2014-09-24,twitter,1,0.2411,1,0
2014-09-29,twitter,2,0.2344,1,0
2014-09-30,twitter,1,0.0,0,0
2014-10-02,twitter,1,0.5093,1,0
2014-10-04,twitter,2,0.0,0,0
2014-10-09,twitter,1,0.0,0,0
2014-10-10,twitter,1,0.2732,1,0
2014-10-14,twitter,1,0.4939,1,0
2014-10-15,twitter,3,0.4189,2,0
2014-10-16,twitter,2,0.2802,1,1
2014-10-19,twitter,2,0.3715,2,0
2014-10-22,twitter,1,0.7345,1,0
2014-10-23,twitter,2,0.3454,1,0
2014-10-24,twitter,1,0.836,1,0
2014-10-25,twitter,1,0.7156,1,0
2014-10-26,twitter,2,0.7958,2,0
2014-10-27,twitter,4,0.2787,2,0
2014-10-28,twitter,2,0.3712,1,0
2014-10-29,twitter,1,0.0,0,0
2014-10-30,twitter,2,0.2294,1,0
2014-10-31,twitter,1,0.0,0,0
2014-11-01,twitter,1,0.7425,1,0
2014-11-02,twitter,2,0.0093,1,1
2014-11-03,twitter,2,0.0,0,0
2014-11-04,twitter,1,0.0,0,0
2014-11-05,twitter,2,0.2195,1,0
2014-11-06,twitter,1,0.0,0,0
2014-11-07,twitter,1,0.0772,1,0
2014-11-08,twitter,1,0.1027,1,0
2014-11-09,twitter,2,0.5225,2,0
2014-11-10,twitter,1,0.0,0,0
2014-11-12,twitter,2,0.247,1,0
2014-11-14,twitter,1,0.0,0,0
2014-11-15,twitter,1,0.0,0,0
2014-11-16,twitter,1,-0.7543,0,1
2014-11-17,twitter,1,0.7351,1,0
2014-11-20,twitter,1,0.4019,1,0
2014-11-22,twitter,1,0.3472,1,0
2014-11-23,twitter,1,0.5719,1,0
2014-11-24,twitter,1,0.0,0,0
2014-11-25,twitter,2,-0.0514,0,1
2014-11-26,twitter,2,0.247,1,0
2014-11-28,twitter,1,0.0,0,0
2014-12-03,twitter,2,0.4155,1,0
2014-12-04,twitter,1,-0.0516,0,1
2014-12-05,twitter,1,0.0,0,0
2014-12-06,twitter,1,0.1255,1,0
2014-12-08,twitter,1,0.3802,1,0
2014-12-09,twitter,3,0.0833,1,0
2014-12-11,twitter,1,0.4588,1,0
2014-12-13,twitter,1,0.7067,1,0
2014-12-14,twitter,2,0.1205,1,1
2014-12-15,twitter,2,-0.2384,0,1
2014-12-16,twitter,1,0.0,0,0
2014-12-17,twitter,2,0.148,1,0
2014-12-18,twitter,1,0.4404,1,0
2014-12-19,twitter,1,-0.0803,0,1
2014-12-22,twitter,1,0.0,0,0
2014-12-23,twitter,2,0.2156,2,0
2014-12-24,twitter,2,-0.0766,0,1
2014-12-26,twitter,4,0.1147,2,0
2014-12-27,twitter,1,0.6249,1,0
2014-12-29,twitter,1,0.7777,1,0
2014-12-30,twitter,1,0.3182,1,0
2014-12-31,twitter,1,0.9603,1,0
2015-01-01,twitter,1,0.3818,1,0
2015-01-02,twitter,1,0.0,0,0
2015-01-03,twitter,1,0.4019,1,0
2015-01-04,twitter,1,-0.0772,0,1
2015-01-05,twitter,4,-0.0496,1,2
2015-01-06,twitter,3,-0.2126,0,2
2015-01-07,twitter,1,0.0,0,0
2015-01-08,twitter,1,0.0,0,0
2015-01-09,twitter,4,0.4637,3,0
2015-01-10,twitter,3,0.508,3,0
2015-01-11,twitter,1,0.0,0,0
2015-01-12,twitter,3,0.2448,1,0
2015-01-13,twitter,3,0.1743,1,0
2015-01-14,twitter,3,-0.1029,2,1
2015-01-15,twitter,3,0.051,1,0
2015-01-16,twitter,2,0.5104,2,0
2015-01-18,twitter,2,0.5292,2,0
2015-01-20,twitter,3,-0.134,0,1
2015-01-21,twitter,6,-0.0719,1,3
2015-01-23,twitter,2,0.201,1,0
2015-01-24,twitter,1,0.3612,1,0
2015-01-25,twitter,3,0.0,0,0
2015-01-26,twitter,4,0.0,0,0
2015-01-27,twitter,2,0.148,1,0
2015-01-28,twitter,2,0.0,0,0
2015-01-29,twitter,1,0.0,0,0
2015-01-30,twitter,1,0.5574,1,0
2015-01-31,twitter,2,0.3185,1,0
2015-02-01,twitter,1,-0.4588,0,1
2015-02-02,twitter,1,0.0,0,0
2015-02-03,twitter,1,0.8564,1,0
2015-02-05,twitter,1,0.6114,1,0
2015-02-07,twitter,2,0.0989,1,1
2015-02-08,twitter,1,0.0,0,0
2015-02-11,twitter,1,0.7739,1,0
2015-02-12,twitter,2,0.4697,1,0
2015-02-14,twitter,1,0.4168,1,0
2015-02-15,twitter,1,0.8802,1,0
2015-02-19,twitter,2,0.3919,2,0
2015-02-20,twitter,1,0.4036,1,0
2015-02-21,twitter,1,0.0258,0,0
2015-02-23,twitter,1,0.128,1,0
2015-02-25,twitter,2,0.2545,1,1
2015-02-27,twitter,3,0.1241,1,0
2015-03-02,twitter,1,0.7177,1,0
2015-03-03,twitter,2,0.0382,1,1
2015-03-05,twitter,1,0.0,0,0
2015-03-06,twitter,1,0.2942,1,0
2015-03-08,twitter,1,0.4215,1,0
2015-03-12,twitter,1,0.0,0,0
2015-03-13,twitter,3,0.1463,1,0
2015-03-15,twitter,2,0.3862,1,0
2015-03-16,twitter,1,-0.5583,0,1
2015-03-20,twitter,2,0.0,0,0
2015-03-21,twitter,2,0.2195,1,0
2015-03-22,twitter,3,0.311,2,0
2015-03-23,twitter,3,0.4594,3,0
2015-03-25,twitter,2,0.5031,2,0
2015-03-28,twitter,1,0.6892,1,0
2015-03-30,twitter,6,-0.2893,0,3
2015-03-31,twitter,1,-0.5859,0,1
2015-04-01,twitter,2,0.0,0,0
2015-04-02,twitter,3,0.3459,2,0
2015-04-03,twitter,3,-0.1646,0,1
2015-04-04,twitter,2,0.4579,2,0
2015-04-07,twitter,1,-0.3182,0,1
2015-04-08,twitter,3,0.2061,2,0
2015-04-09,twitter,1,0.7056,1,0
2015-04-10,twitter,2,0.1544,1,1
2015-04-11,twitter,2,0.0,0,0
2015-04-13,twitter,1,0.3182,1,0
2015-04-18,twitter,1,0.4404,1,0
2015-04-19,twitter,3,-0.1273,0,1
2015-04-23,twitter,1,-0.3707,0,1
2015-04-24,twitter,3,0.4204,2,0
2015-04-25,twitter,1,0.0,0,0
2015-04-26,twitter,1,0.0,0,0
2015-04-28,twitter,3,0.0342,1,0
2015-04-29,twitter,1,0.0,0,0
2015-04-30,twitter,1,0.5859,1,0
2015-05-01,twitter,1,0.0,0,0
2015-05-02,twitter,1,0.0,0,0
2015-05-03,twitter,1,-0.1027,0,1
2015-05-04,twitter,5,0.2894,4,1
2015-05-05,twitter,2,0.2094,1,1
2015-05-06,twitter,3,0.2523,1,0
2015-05-07,twitter,1,0.0,0,0
2015-05-08,twitter,4,0.0,0,0
2015-05-09,twitter,2,0.3158,2,0
2015-05-10,twitter,1,0.0,0,0
2015-05-11,twitter,2,-0.05,1,1
2015-05-12,twitter,2,0.5911,2,0
2015-05-13,twitter,2,0.4008,2,0
2015-05-16,twitter,1,0.0,0,0
2015-05-19,twitter,2,0.4242,1,0
2015-05-26,twitter,1,0.4767,1,0
2015-05-27,twitter,2,-0.0634,1,1
2015-05-29,twitter,3,-0.1417,1,1
2015-05-31,twitter,2,0.148,1,0
2015-06-03,twitter,1,0.0,0,0
2015-06-05,twitter,3,0.2368,2,0
2015-06-08,twitter,1,0.4854,1,0
2015-06-10,twitter,1,0.5719,1,0
2015-06-11,twitter,1,0.0,0,0
2015-06-13,twitter,1,0.3786,1,0
2015-06-15,twitter,1,0.2263,1,0
2015-06-16,twitter,4,0.1311,3,1
2015-06-17,twitter,2,0.0,0,0
2015-06-18,twitter,1,-0.3182,0,1
2015-06-21,twitter,1,0.25,1,0
2015-06-22,twitter,1,0.7773,1,0
2015-06-23,twitter,2,0.5459,2,0
2015-06-24,twitter,1,0.7783,1,0
2015-06-25,twitter,3,-0.1675,0,1
2015-06-26,twitter,2,0.3609,2,0
2015-06-27,twitter,2,0.3125,1,0
2015-06-29,twitter,1,0.0,0,0
2015-07-02,twitter,1,0.0,0,0
2015-07-05,twitter,3,0.0239,1,0
2015-07-06,twitter,2,0.3185,1,0
2015-07-12,twitter,1,0.2263,1,0
2015-07-13,twitter,1,0.1779,1,0
2015-07-17,twitter,1,0.8326,1,0
2015-07-22,twitter,1,0.0,0,0
2015-07-23,twitter,2,0.009,1,1
2015-07-24,twitter,1,0.0,0,0
2015-07-25,twitter,2,0.0,0,0
2015-07-26,twitter,1,0.3597,1,0
2015-07-27,twitter,1,0.0,0,0
2015-07-28,twitter,1,0.0,0,0
2015-07-30,twitter,3,-0.1854,0,1
2015-07-31,twitter,1,0.0,0,0
2015-08-04,twitter,2,-0.2302,0,1
2015-08-05,twitter,1,0.3818,1,0
2015-08-07,twitter,1,0.0,0,0
2015-08-09,twitter,1,0.7559,1,0
2015-08-12,twitter,3,0.2757,2,0
2015-08-13,twitter,1,0.0,0,0
2015-08-15,twitter,4,-0.1177,1,2
2015-08-16,twitter,2,0.5554,2,0
2015-08-19,twitter,2,0.0,0,0
2015-08-21,twitter,2,0.4566,1,0
2015-08-22,twitter,1,0.6808,1,0
2015-08-23,twitter,1,0.0,0,0
2015-08-24,twitter,2,0.0815,1,1
2015-08-25,twitter,1,0.0,0,0
2015-08-27,twitter,1,0.0,0,0
2015-09-01,twitter,2,0.0,0,0
2015-09-02,twitter,1,-0.7579,0,1
2015-09-06,twitter,1,0.8139,1,0
2015-09-07,twitter,1,0.0,0,0
2015-09-08,twitter,1,0.0,0,0
2015-09-09,twitter,1,0.4005,1,0
2015-09-11,twitter,1,0.0,0,0
2015-09-12,twitter,1,0.6369,1,0
2015-09-13,twitter,1,0.0258,0,0
2015-09-15,twitter,1,0.8885,1,0
2015-09-16,twitter,1,0.4215,1,0
2015-09-17,twitter,1,-0.1027,0,1
2015-09-19,twitter,1,0.5267,1,0
2015-09-21,twitter,1,-0.1027,0,1
2015-09-22,twitter,1,0.3818,1,0
2015-09-23,twitter,3,0.6867,3,0
2015-09-25,twitter,1,0.3612,1,0
2015-09-30,twitter,1,-0.0258,0,0
2015-10-01,twitter,1,0.6249,1,0
2015-10-05,twitter,4,-0.1862,0,2
2015-10-06,twitter,1,0.0,0,0
2015-10-07,twitter,1,0.2023,1,0
2015-10-08,twitter,3,0.3528,2,1
2015-10-09,twitter,1,0.4215,1,0
2015-10-12,twitter,2,0.1029,1,0
2015-10-14,twitter,2,0.1591,1,0
2015-10-16,twitter,1,0.5093,1,0
2015-10-17,twitter,1,0.0,0,0
2015-10-19,twitter,2,0.4199,1,0
2015-10-20,twitter,1,0.4019,1,0
2015-10-21,twitter,1,0.4738,1,0
2015-10-22,twitter,2,0.3185,1,0
2015-10-23,twitter,2,0.064,1,0
2015-10-24,twitter,1,0.0,0,0
2015-10-26,twitter,2,-0.0514,0,1
2015-10-27,twitter,2,0.2287,1,0
2015-10-28,twitter,2,0.0928,1,1
2015-10-29,twitter,3,0.4853,3,0
2015-10-30,twitter,1,0.0,0,0
2015-11-02,twitter,1,0.296,1,0
2015-11-03,twitter,2,0.441,1,0
2015-11-04,twitter,1,0.2023,1,0
2015-11-07,twitter,1,0.0,0,0
2015-11-09,twitter,2,0.201,1,0
2015-11-10,twitter,3,0.4109,3,0
2015-11-11,twitter,1,0.5661,1,0
2015-11-12,twitter,1,0.7184,1,0
2015-11-13,twitter,4,0.3415,3,1
2015-11-14,twitter,2,0.0,0,0
2015-11-15,twitter,3,-0.0438,1,1
2015-11-16,twitter,3,0.1698,1,0
2015-11-18,twitter,2,0.4629,1,0
2015-11-19,twitter,2,-0.2202,0,1
2015-11-20,twitter,2,0.189,2,0
2015-11-21,twitter,1,0.3182,1,0
2015-11-22,twitter,1,0.6239,1,0
2015-11-23,twitter,1,0.0,0,0
2015-11-24,twitter,2,-0.0377,1,1
2015-11-26,twitter,3,0.4705,2,0
2015-11-27,twitter,2,0.4466,1,0
2015-11-28,twitter,2,0.1909,1,0
2015-11-29,twitter,3,0.0,0,0
2015-11-30,twitter,1,0.0,0,0
2015-12-01,twitter,1,0.0,0,0
2015-12-02,twitter,2,0.3353,2,0
2015-12-03,twitter,1,0.3818,1,0
2015-12-04,twitter,2,0.0,0,0
2015-12-06,twitter,2,0.0,0,0
2015-12-08,twitter,9,-0.0617,3,3
2015-12-09,twitter,3,0.0166,1,1
2015-12-10,twitter,3,0.2094,2,0
2015-12-11,twitter,4,0.0,0,0
2015-12-12,twitter,3,0.2337,2,0
2015-12-13,twitter,2,0.4851,2,0
2015-12-14,twitter,1,0.5848,1,0
2015-12-15,twitter,3,0.2013,2,0
2015-12-16,twitter,2,0.3185,1,0
2015-12-17,twitter,3,0.1982,1,0
2015-12-18,twitter,1,0.6249,1,0
2015-12-20,twitter,5,0.0513,1,1
2015-12-21,twitter,1,0.0,0,0
2015-12-22,twitter,3,0.3612,2,0
2015-12-23,twitter,1,0.0,0,0
2015-12-24,twitter,1,-0.1027,0,1
2015-12-25,twitter,1,0.4019,1,0
2015-12-27,twitter,3,0.1982,3,0
2015-12-28,twitter,3,-0.0593,0,1
2015-12-29,twitter,2,0.1806,1,0
2015-12-31,twitter,3,0.1642,1,0
2016-01-01,twitter,1,0.3818,1,0
2016-01-02,twitter,1,0.5719,1,0
2016-01-03,twitter,2,0.0,0,0
2016-01-04,twitter,1,0.3612,1,0
2016-01-05,twitter,2,0.1591,1,0
2016-01-06,twitter,3,0.1564,1,1
2016-01-07,twitter,2,0.3353,1,0
2016-01-08,twitter,2,0.3494,1,0
2016-01-09,twitter,1,0.2263,1,0
2016-01-10,twitter,3,0.1839,2,0
2016-01-12,twitter,3,0.661,3,0
2016-01-13,twitter,4,0.2815,3,1
2016-01-14,twitter,3,0.3863,2,0
2016-01-15,twitter,3,0.1313,1,1
2016-01-16,twitter,2,0.5159,2,0
2016-01-17,twitter,1,0.0,0,0
2016-01-19,twitter,2,-0.0419,1,1
2016-01-20,twitter,3,-0.0695,1,1
2016-01-21,twitter,1,0.7729,1,0
2016-01-22,twitter,1,-0.8779,0,1
2016-01-24,twitter,4,-0.0667,1,1
2016-01-25,twitter,2,0.1901,1,0
2016-01-26,twitter,2,0.088,1,0
2016-01-27,twitter,2,0.4884,2,0
2016-01-28,twitter,4,0.4268,3,1
2016-01-30,twitter,1,0.2023,1,0
2016-01-31,twitter,2,0.4783,2,0
2016-02-01,twitter,2,0.0,0,0
2016-02-03,twitter,2,0.5889,2,0
2016-02-04,twitter,2,0.497,2,0
2016-02-05,twitter,2,-0.0044,1,1
2016-02-08,twitter,2,0.0,0,0
2016-02-09,twitter,3,0.0312,1,1
2016-02-10,twitter,3,0.1808,1,0
2016-02-11,twitter,2,0.3514,1,0
2016-02-12,twitter,1,0.7574,1,0
2016-02-14,twitter,4,0.3851,3,0
2016-02-15,twitter,1,0.3818,1,0
2016-02-16,twitter,1,0.4019,1,0
2016-02-17,twitter,2,0.0,0,0
2016-02-18,twitter,2,0.3125,1,0
2016-02-20,twitter,2,0.5096,2,0
2016-02-21,twitter,4,-0.1737,0,2
2016-02-22,twitter,4,0.3339,2,0
2016-02-23,twitter,2,-0.0853,1,1
2016-02-25,twitter,1,0.128,1,0
2016-02-26,twitter,1,0.1027,1,0
2016-02-27,twitter,3,0.4213,2,0
2016-02-28,twitter,1,0.0,0,0
2016-02-29,twitter,1,0.6808,1,0
2016-03-01,twitter,2,0.0,0,0
2016-03-03,twitter,3,0.0427,1,0
2016-03-04,twitter,4,-0.0575,1,1
2016-03-06,twitter,2,0.4113,1,0
2016-03-07,twitter,2,-0.2712,0,1
2016-03-08,twitter,2,-0.064,0,1
2016-03-09,twitter,4,0.1179,2,1
2016-03-10,twitter,1,0.0,0,0
2016-03-11,twitter,5,0.0051,2,1
2016-03-13,twitter,4,0.2608,2,1
2016-03-14,twitter,4,0.303,2,0
2016-03-15,twitter,2,0.0703,1,0
2016-03-16,twitter,1,0.1027,1,0
2016-03-18,twitter,3,0.1468,1,0
2016-03-19,twitter,1,0.5859,1,0
2016-03-20,twitter,2,0.125,1,0
2016-03-21,twitter,1,0.0,0,0
2016-03-22,twitter,2,0.0,0,0
2016-03-23,twitter,2,0.0,0,0
2016-03-24,twitter,2,0.0,0,0
2016-03-25,twitter,2,0.4696,1,0
2016-03-26,twitter,5,0.4004,3,0
2016-03-27,twitter,3,0.0,0,0
2016-03-28,twitter,3,0.1405,1,0
2016-03-30,twitter,4,0.4312,3,0
2016-03-31,twitter,1,0.0772,1,0
2016-04-01,twitter,3,0.463,2,0
2016-04-02,twitter,1,-0.1396,0,1
2016-04-03,twitter,1,-0.2263,0,1
2016-04-04,twitter,1,0.0,0,0
2016-04-05,twitter,3,-0.1568,1,1
2016-04-06,twitter,2,0.2839,1,1
2016-04-07,twitter,1,0.5992,1,0
2016-04-08,twitter,1,0.0,0,0
2016-04-09,twitter,2,-0.2384,0,1
2016-04-10,twitter,4,0.1761,1,1
2016-04-11,twitter,2,0.3381,2,0
2016-04-13,twitter,2,0.0,0,0
2016-04-14,twitter,2,0.0,0,0
2016-04-15,twitter,3,0.2588,2,1
2016-04-16,twitter,1,-0.7184,0,1
2016-04-17,twitter,1,0.0,0,0
2016-04-18,twitter,2,0.0,0,0
2016-04-19,twitter,4,0.3491,3,0
2016-04-20,twitter,2,0.4094,1,0
2016-04-21,twitter,1,0.6705,1,0
2016-04-22,twitter,2,0.0326,1,1
2016-04-23,twitter,5,0.0679,1,1
2016-04-24,twitter,2,0.0,0,0
2016-04-25,twitter,3,-0.1198,0,1
2016-04-26,twitter,2,0.6407,2,0
2016-04-28,twitter,1,0.6369,1,0
2016-04-29,twitter,3,0.0,0,0
2016-04-30,twitter,1,0.0,0,0
2016-05-01,twitter,2,0.4721,2,0
2016-05-02,twitter,10,0.1195,3,3
2016-05-03,twitter,1,0.0,0,0
2016-05-04,twitter,3,-0.053,1,1
2016-05-05,twitter,2,0.064,1,0
2016-05-06,twitter,3,0.1254,2,0
2016-05-07,twitter,4,0.0818,2,1
2016-05-08,twitter,3,-0.0658,1,1
2016-05-09,twitter,3,0.2864,1,0
2016-05-10,twitter,3,0.1468,1,0
2016-05-15,twitter,1,0.5423,1,0
2016-05-16,twitter,2,-0.1806,0,1
2016-05-17,twitter,2,0.0,0,0
2016-05-18,twitter,1,0.0,0,0
2016-05-19,twitter,2,0.1652,1,1
2016-05-20,twitter,1,0.0,0,0
2016-05-21,twitter,1,-0.4404,0,1
2016-05-22,twitter,3,0.4297,2,0
2016-05-23,twitter,3,0.2558,2,0
2016-05-24,twitter,3,-0.1184,1,1
2016-05-25,twitter,2,0.293,1,0
2016-05-26,twitter,4,-0.0005,0,0
2016-05-27,twitter,2,-0.0984,1,1
2016-05-28,twitter,4,-0.0562,1,1
2016-05-29,twitter,2,0.0,0,0
2016-05-30,twitter,4,-0.2051,0,2
2016-05-31,twitter,1,0.0,0,0
2016-06-02,twitter,3,0.4243,2,0
2016-06-03,twitter,3,0.2334,1,0
2016-06-04,twitter,1,0.0,0,0
2016-06-05,twitter,3,0.2991,1,0
2016-06-06,twitter,4,0.3072,2,0
2016-06-07,twitter,5,0.2893,3,0
2016-06-08,twitter,3,0.0,0,0
2016-06-09,twitter,4,0.3437,3,1
2016-06-10,twitter,1,0.6249,1,0
2016-06-11,twitter,6,0.3797,3,0
2016-06-12,twitter,4,0.0903,2,1
2016-06-13,twitter,5,-0.0701,1,1
2016-06-14,twitter,1,0.4588,1,0
2016-06-15,twitter,7,0.1404,2,1
2016-06-16,twitter,7,0.0931,3,2
2016-06-17,twitter,15,-0.1495,3,7
2016-06-18,twitter,4,-0.3052,0,3
2016-06-19,twitter,3,0.441,3,0
2016-06-20,twitter,1,0.4404,1,0
2016-06-21,twitter,5,0.3789,3,0
2016-06-22,twitter,4,0.3662,3,1
2016-06-23,twitter,1,0.0,0,0
2016-06-24,twitter,3,0.3336,2,0
2016-06-26,twitter,1,0.0,0,0
2016-06-27,twitter,2,0.1187,1,1
2016-06-28,twitter,4,0.1096,2,1
2016-06-29,twitter,1,0.743,1,0
2016-06-30,twitter,2,0.3454,1,0
2016-07-02,twitter,2,-0.17,0,1
2016-07-03,twitter,1,0.0,0,0
2016-07-04,twitter,4,0.3966,3,0
2016-07-05,twitter,3,0.0664,2,1
2016-07-06,twitter,2,0.148,1,0
2016-07-07,twitter,1,0.3612,1,0
2016-07-08,twitter,4,0.1638,2,1
2016-07-09,twitter,3,0.3604,2,1
2016-07-10,twitter,1,0.0,0,0
2016-07-11,twitter,2,0.3713,1,0
2016-07-12,twitter,3,-0.0312,1,1
2016-07-13,twitter,3,0.3994,2,0
2016-07-15,twitter,1,-0.1759,0,1
2016-07-16,twitter,2,-0.0514,0,1
2016-07-18,twitter,3,0.548,3,0
2016-07-19,twitter,3,0.2778,2,0
2016-07-20,twitter,4,0.1453,1,1
2016-07-22,twitter,3,0.08,1,0
2016-07-23,twitter,2,-0.343,1,1
2016-07-24,twitter,5,0.3175,2,0
2016-07-25,twitter,2,0.1909,1,0
2016-07-26,twitter,6,0.0939,2,0
2016-07-27,twitter,5,0.0562,1,1
2016-07-28,twitter,1,0.3182,1,0
2016-07-29,twitter,3,0.2123,1,0
2016-07-31,twitter,4,0.3319,2,0
2016-08-01,twitter,3,0.0,0,0
2016-08-02,twitter,8,-0.1569,1,3
2016-08-03,twitter,5,0.4035,3,0
2016-08-04,twitter,2,0.0,0,0
2016-08-05,twitter,2,0.201,1,0
2016-08-06,twitter,4,-0.2948,0,3
2016-08-08,twitter,4,0.3393,3,0
2016-08-09,twitter,2,-0.1525,0,2
2016-08-10,twitter,2,0.0,0,0
2016-08-11,twitter,6,-0.0879,1,1
2016-08-12,twitter,2,0.3294,1,0
2016-08-13,twitter,3,-0.2216,0,2
2016-08-14,twitter,1,0.296,1,0
2016-08-15,twitter,1,0.4215,1,0
2016-08-16,twitter,5,0.0497,2,2
2016-08-17,twitter,3,0.0795,1,1
2016-08-18,twitter,3,-0.2499,0,2
2016-08-19,twitter,2,0.0,0,0
2016-08-20,twitter,3,0.2734,2,0
2016-08-21,twitter,1,0.0,0,0
2016-08-22,twitter,2,-0.0828,0,1
2016-08-23,twitter,3,0.1327,2,1
2016-08-24,twitter,2,0.0129,0,0
2016-08-25,twitter,1,0.6885,1,0
2016-08-26,twitter,1,-0.1531,0,1
2016-08-27,twitter,1,0.6486,1,0
2016-08-28,twitter,1,0.6688,1,0
2016-08-29,twitter,4,-0.1211,2,2
2016-08-30,twitter,2,-0.0103,1,1
2016-08-31,twitter,3,0.2047,2,0
2016-09-01,twitter,8,0.1067,3,0
2016-09-02,twitter,2,0.7978,2,0
2016-09-03,twitter,5,0.2017,2,0
2016-09-04,twitter,1,0.0,0,0
2016-09-05,twitter,2,0.2712,1,0
2016-09-07,twitter,5,0.5291,4,0
2016-09-08,twitter,2,0.3047,2,0
2016-09-10,twitter,3,0.2626,2,0
2016-09-12,twitter,5,0.1516,2,1
2016-09-13,twitter,5,0.2107,3,0
2016-09-14,twitter,2,0.2712,1,0
2016-09-15,twitter,3,0.1405,1,0
2016-09-16,twitter,4,-0.1146,0,1
2016-09-18,twitter,3,-0.0459,1,1
2016-09-19,twitter,4,0.2582,3,0
2016-09-20,twitter,4,0.3836,3,0
2016-09-21,twitter,4,-0.0141,1,1
2016-09-22,twitter,1,-0.0258,0,0
2016-09-23,twitter,1,0.0,0,0
2016-09-24,twitter,3,0.1808,1,0
2016-09-25,twitter,2,-0.0118,1,1
2016-09-26,twitter,3,-0.0835,1,1
2016-09-27,twitter,3,0.5045,2,0
2016-09-28,twitter,4,0.265,3,1
2016-09-29,twitter,3,0.2914,2,0
2016-09-30,twitter,2,0.5304,2,0
2016-10-01,twitter,1,0.0,0,0
2016-10-02,twitter,2,-0.3544,0,1
2016-10-03,twitter,3,0.3077,1,0
2016-10-04,twitter,3,0.0,0,0
2016-10-05,twitter,4,0.1264,1,1
2016-10-07,twitter,6,0.0446,3,1
2016-10-08,twitter,5,0.2879,4,0
2016-10-09,twitter,4,0.4858,3,0
2016-10-10,twitter,3,0.2372,2,0
2016-10-11,twitter,2,0.125,1,0
2016-10-12,twitter,5,-0.0732,0,1
2016-10-13,twitter,1,-0.34,0,1
2016-10-14,twitter,3,0.0644,1,2
2016-10-15,twitter,1,0.6239,1,0
2016-10-16,twitter,3,-0.1702,0,1
2016-10-17,twitter,2,0.21,1,0
2016-10-18,twitter,3,0.0251,1,0
2016-10-19,twitter,2,0.2202,1,0
2016-10-20,twitter,3,0.1642,1,0
2016-10-21,twitter,1,0.0,0,0
2016-10-22,twitter,2,0.6368,2,0
2016-10-24,twitter,4,0.0266,2,2
2016-10-25,twitter,2,0.0,0,0
2016-10-26,twitter,8,-0.0311,3,2
2016-10-27,twitter,6,-0.0734,0,1
2016-10-28,twitter,4,0.0465,1,0
2016-10-29,twitter,1,0.0,0,0
2016-10-30,twitter,3,-0.1137,0,1
2016-10-31,twitter,2,0.0,0,0
2016-11-02,twitter,3,0.3678,2,0
2016-11-03,twitter,4,0.131,2,1
2016-11-04,twitter,2,0.2452,1,1
2016-11-05,twitter,5,0.1693,2,3
2016-11-06,twitter,2,0.2706,1,0
2016-11-08,twitter,4,0.3506,3,0
2016-11-09,twitter,2,-0.3444,0,1
2016-11-10,twitter,2,-0.2202,0,1
2016-11-11,twitter,1,0.4753,1,0
2016-11-12,twitter,2,0.3501,2,0
2016-11-13,twitter,2,0.2324,1,0
2016-11-14,twitter,4,0.1557,1,0
2016-11-15,twitter,5,0.3852,5,0
2016-11-16,twitter,7,0.4231,5,0
2016-11-17,twitter,2,0.1609,1,0
2016-11-18,twitter,6,0.2608,3,0
2016-11-19,twitter,3,0.5413,3,0
2016-11-20,twitter,3,0.0681,2,0
2016-11-21,twitter,6,0.2152,3,0
2016-11-22,twitter,6,0.3697,4,1
2016-11-23,twitter,4,0.3564,2,0
2016-11-24,twitter,6,0.2045,3,2
2016-11-25,twitter,3,0.2002,2,0
2016-11-26,twitter,1,0.0,0,0
2016-11-27,twitter,2,0.3863,2,0
2016-11-28,twitter,3,-0.0627,1,1
2016-11-29,twitter,3,0.245,1,0
2016-11-30,twitter,2,0.5394,2,0
2016-12-01,twitter,10,0.229,6,0
2016-12-02,twitter,1,0.0,0,0
2016-12-03,twitter,2,0.0,0,0
2016-12-04,twitter,4,0.0582,2,1
2016-12-05,twitter,6,0.1395,2,1
2016-12-06,twitter,7,0.2537,3,0
2016-12-07,twitter,4,0.4528,3,0
2016-12-08,twitter,6,0.1275,2,1
2016-12-09,twitter,3,0.4412,3,0
2016-12-10,twitter,2,-0.5186,0,2
2016-12-11,twitter,5,0.286,3,0
2016-12-12,twitter,11,-0.2001,2,4
2016-12-13,twitter,4,0.2505,2,0
2016-12-14,twitter,4,0.3807,3,0
2016-12-15,twitter,1,0.4404,1,0
2016-12-16,twitter,1,0.0,0,0
2016-12-17,twitter,4,0.0769,1,1
2016-12-18,twitter,2,0.2823,1,1
2016-12-19,twitter,4,0.1417,2,1
2016-12-20,twitter,3,0.2299,1,0
2016-12-21,twitter,5,0.0608,1,1
2016-12-22,twitter,7,0.2246,5,1
2016-12-24,twitter,8,0.4835,6,0
2016-12-25,twitter,1,0.5267,1,0
2016-12-26,twitter,6,0.201,2,1
2016-12-27,twitter,9,0.1585,3,1
2016-12-28,twitter,5,0.3108,2,1
2016-12-29,twitter,5,0.2869,2,0
2016-12-30,twitter,3,0.3465,2,1
2016-12-31,twitter,7,0.1343,4,2
2017-01-01,twitter,6,-0.088,2,3
2017-01-02,twitter,4,0.1813,2,0
2017-01-03,twitter,7,0.091,1,0
2017-01-04,twitter,1,0.7717,1,0
2017-01-05,twitter,4,0.0,0,0
2017-01-06,twitter,9,-0.0172,4,3
2017-01-07,twitter,5,0.2424,3,1
2017-01-08,twitter,3,0.1978,2,0
2017-01-09,twitter,2,0.3066,2,0
2017-01-10,twitter,2,0.1806,1,0
2017-01-11,twitter,3,0.2661,2,1
2017-01-12,twitter,7,0.0942,1,0
2017-01-13,twitter,2,0.1132,1,0
2017-01-14,twitter,6,0.2323,3,1
2017-01-15,twitter,3,0.2691,1,0
2017-01-16,twitter,9,0.1613,4,1
2017-01-17,twitter,1,0.6825,1,0
2017-01-18,twitter,6,0.1133,3,2
2017-01-19,twitter,9,0.4024,6,0
2017-01-20,twitter,3,0.4946,3,0
2017-01-21,twitter,6,-0.0602,2,2
2017-01-22,twitter,3,0.4267,3,0
2017-01-23,twitter,6,0.1285,1,0
2017-01-24,twitter,6,0.4332,5,0
2017-01-25,twitter,6,0.0695,3,1
2017-01-26,twitter,2,0.4568,1,0
2017-01-27,twitter,3,0.153,2,0
2017-01-28,twitter,8,0.1241,3,1
2017-01-29,twitter,2,0.0,0,0
2017-01-30,twitter,4,0.0955,1,0
2017-01-31,twitter,8,0.3274,5,1
2017-02-01,twitter,3,0.2675,2,1
2017-02-02,twitter,4,0.2109,3,0
2017-02-03,twitter,2,0.0,0,0
2017-02-04,twitter,5,0.1878,3,0
2017-02-05,twitter,1,0.0,0,0
2017-02-06,twitter,5,0.1561,2,1
2017-02-07,twitter,6,0.2513,3,0
2017-02-08,twitter,2,-0.2421,1,1
2017-02-09,twitter,8,0.1308,4,2
2017-02-10,twitter,2,0.0,0,0
2017-02-11,twitter,7,0.2761,4,0
2017-02-12,twitter,7,0.0146,1,1
2017-02-13,twitter,6,0.3669,4,0
2017-02-14,twitter,2,0.1332,1,1
2017-02-15,twitter,6,0.327,4,0
2017-02-16,twitter,6,0.139,2,1
2017-02-17,twitter,3,0.1658,2,1
2017-02-18,twitter,8,0.2491,4,0
2017-02-19,twitter,3,0.2735,2,0
2017-02-20,twitter,6,0.1519,2,1
2017-02-21,twitter,9,0.0724,2,2
2017-02-22,twitter,3,0.1508,2,0
2017-02-23,twitter,9,0.0188,3,3
2017-02-24,twitter,9,0.3185,7,0
2017-02-25,twitter,7,0.1253,3,1
2017-02-26,twitter,6,0.0522,2,3
2017-02-27,twitter,7,-0.0448,2,2
2017-02-28,twitter,13,0.0911,5,2
2017-03-01,twitter,5,0.0966,3,1
2017-03-02,twitter,13,0.184,5,0
2017-03-03,twitter,8,0.2755,4,0
2017-03-04,twitter,5,-0.0085,2,1
2017-03-05,twitter,5,0.1054,3,1
2017-03-06,twitter,7,-0.0205,3,3
2017-03-07,twitter,4,0.2079,1,0
2017-03-08,twitter,7,0.0535,3,2
2017-03-09,twitter,4,0.193,2,1
2017-03-10,twitter,9,0.3302,7,1
2017-03-11,twitter,2,0.2257,1,1
2017-03-12,twitter,5,0.2989,2,0
2017-03-13,twitter,6,0.0612,1,1
2017-03-14,twitter,8,-0.1441,2,4
2017-03-15,twitter,8,-0.0162,3,1
2017-03-16,twitter,7,-0.0642,1,2
2017-03-17,twitter,14,0.2273,5,0
2017-03-18,twitter,10,-0.0444,2,2
2017-03-19,twitter,17,0.1689,8,4
2017-03-20,twitter,8,0.0944,3,3
2017-03-21,twitter,11,-0.0869,4,4
2017-03-22,twitter,11,-0.0602,2,3
2017-03-23,twitter,6,0.1633,3,2
2017-03-24,twitter,13,0.1022,7,3
2017-03-25,twitter,7,0.169,2,0
2017-03-26,twitter,3,0.1319,2,1
2017-03-27,twitter,11,-0.0675,2,5
2017-03-28,twitter,5,-0.1194,1,2
2017-03-29,twitter,7,0.0655,1,0
2017-03-30,twitter,5,0.2308,2,1
2017-03-31,twitter,7,0.0023,3,1
2017-04-01,twitter,6,0.0551,1,1
2017-04-02,twitter,1,0.0,0,0
2017-04-03,twitter,6,0.2919,3,0
2017-04-04,twitter,13,0.1954,5,2
2017-04-05,twitter,5,0.3268,3,0
2017-04-06,twitter,12,0.1302,4,2
2017-04-07,twitter,7,0.2549,5,0
2017-04-08,twitter,12,0.2102,7,2
2017-04-09,twitter,11,0.0186,3,2
2017-04-10,twitter,8,0.0767,3,1
2017-04-11,twitter,5,0.2328,3,1
2017-04-12,twitter,11,0.1201,5,2
2017-04-13,twitter,10,0.2512,6,0
2017-04-14,twitter,9,0.1196,3,1
2017-04-15,twitter,10,0.1844,4,1
2017-04-16,twitter,4,0.0558,2,1
2017-04-17,twitter,6,0.1217,2,1
2017-04-18,twitter,5,0.1419,1,0
2017-04-19,twitter,9,0.2449,5,0
2017-04-20,twitter,4,0.1091,2,0
2017-04-21,twitter,6,0.2978,4,1
2017-04-22,twitter,9,-0.0353,2,3
2017-04-23,twitter,8,0.1714,4,1
2017-04-24,twitter,6,0.3679,4,0
2017-04-25,twitter,11,0.1314,5,3
2017-04-26,twitter,9,0.1188,4,0
2017-04-27,twitter,9,0.2179,4,0
2017-04-28,twitter,11,0.2731,6,1
2017-04-29,twitter,8,0.2192,4,1
2017-04-30,twitter,12,-0.0539,2,4
2017-05-01,twitter,7,0.1408,2,0
2017-05-02,twitter,4,0.2976,3,0
2017-05-03,twitter,13,0.2211,6,0
2017-05-04,twitter,9,0.2843,7,1
2017-05-05,twitter,9,0.2004,5,1
2017-05-06,twitter,10,0.2608,6,2
2017-05-07,twitter,11,0.1047,3,2
2017-05-08,twitter,12,0.2364,7,1
2017-05-09,twitter,10,0.2827,7,1
2017-05-10,twitter,14,0.1489,5,1
2017-05-11,twitter,12,0.2752,6,1
2017-05-12,twitter,18,0.1252,5,4
2017-05-13,twitter,7,0.2133,3,0
2017-05-14,twitter,9,0.0228,4,3
2017-05-15,twitter,9,-0.0079,2,4
2017-05-16,twitter,18,0.2281,10,2
2017-05-17,twitter,6,0.1519,2,0
2017-05-18,twitter,11,-0.0581,2,3
2017-05-19,twitter,21,0.0982,7,5
2017-05-20,twitter,21,0.1118,6,2
2017-05-21,twitter,12,0.1125,3,0
2017-05-22,twitter,25,0.1622,10,6
2017-05-23,twitter,24,0.2358,12,2
2017-05-24,twitter,23,0.1984,13,2
2017-05-25,twitter,24,0.1121,8,3
2017-05-26,twitter,17,0.0793,7,2
2017-05-27,twitter,14,0.1311,4,2
2017-05-28,twitter,9,0.3167,6,1
2017-05-29,twitter,14,0.0897,5,3
2017-05-30,twitter,10,0.1261,4,0
2017-05-31,twitter,20,0.1123,6,2
2017-06-01,twitter,22,0.1946,12,3
2017-06-02,twitter,5,0.3712,3,0
2017-06-03,twitter,11,0.0892,6,4
2017-06-04,twitter,7,0.0887,2,0
2017-06-05,twitter,12,0.2644,8,2
2017-06-06,twitter,23,0.2407,11,3
2017-06-07,twitter,17,0.0102,6,6
2017-06-08,twitter,13,0.15,5,2
2017-06-09,twitter,19,0.0237,6,6
2017-06-10,twitter,17,0.0311,8,3
2017-06-11,twitter,10,0.1221,4,3
2017-06-12,twitter,21,0.1442,10,4
2017-06-13,twitter,18,0.1906,12,3
2017-06-14,twitter,11,0.0075,4,3
2017-06-15,twitter,13,0.2491,7,2
2017-06-16,twitter,9,0.2257,5,1
2017-06-17,twitter,9,0.2236,4,0
2017-06-18,twitter,7,0.248,4,0
2017-06-19,twitter,13,0.1532,7,2
2017-06-20,twitter,13,0.1706,5,3
2017-06-21,twitter,22,0.1095,9,6
2017-06-22,twitter,18,0.1355,8,3
2017-06-23,twitter,25,0.2596,11,1
2017-06-24,twitter,7,0.2135,3,1
2017-06-25,twitter,13,0.0725,4,4
2017-06-26,twitter,10,0.2654,4,0
2017-06-27,twitter,12,0.0434,2,2
2017-06-28,twitter,12,0.0816,4,3
2017-06-29,twitter,22,0.0801,7,4
2017-06-30,twitter,17,0.3377,10,1
2017-07-01,twitter,5,0.3716,3,0
2017-07-02,twitter,10,0.0754,3,2
2017-07-03,twitter,13,-0.0119,3,3
2017-07-04,twitter,14,0.1012,5,1
2017-07-05,twitter,6,0.0592,2,2
2017-07-06,twitter,21,0.0914,6,2
2017-07-07,twitter,13,0.1715,8,2
2017-07-08,twitter,12,0.1713,7,2
2017-07-09,twitter,11,0.29,5,0
2017-07-10,twitter,21,0.1244,7,4
2017-07-11,twitter,19,0.081,8,5
2017-07-12,twitter,14,0.2315,9,2
2017-07-13,twitter,13,0.1471,7,3
2017-07-14,twitter,12,0.2414,5,3
2017-07-15,twitter,6,0.019,3,1
2017-07-16,twitter,11,0.093,5,3
2017-07-17,twitter,18,-0.0091,5,6
2017-07-18,twitter,15,0.1144,7,3
2017-07-19,twitter,21,0.1369,9,3
2017-07-20,twitter,18,0.1719,9,2
2017-07-21,twitter,14,0.2405,8,3
2017-07-22,twitter,10,0.2427,5,1
2017-07-23,twitter,11,0.2855,6,0
2017-07-24,twitter,22,0.0714,7,6
2017-07-25,twitter,17,0.1879,9,3
2017-07-26,twitter,17,0.1277,6,3
2017-07-27,twitter,26,0.1301,12,4
2017-07-28,twitter,12,0.0351,4,3
2017-07-29,twitter,12,0.03,4,2
2017-07-30,twitter,11,0.1795,5,2
2017-07-31,twitter,12,0.1719,5,1
2017-08-01,twitter,17,0.3752,13,0
2017-08-02,twitter,23,0.0729,8,3
2017-08-03,twitter,12,0.2866,7,1
2017-08-04,twitter,16,0.0672,3,1
2017-08-05,twitter,26,0.003,7,7
2017-08-06,twitter,10,0.2209,4,1
2017-08-07,twitter,27,0.1374,10,4
2017-08-08,twitter,16,0.2481,10,3
2017-08-09,twitter,15,0.2007,7,2
2017-08-10,twitter,11,0.2827,7,1
2017-08-11,twitter,16,0.0654,6,3
2017-08-12,twitter,17,0.0788,6,4
2017-08-13,twitter,11,0.2638,7,0
2017-08-14,twitter,28,0.1106,10,4
2017-08-15,twitter,22,0.1029,6,2
2017-08-16,twitter,27,0.1362,9,4
2017-08-17,twitter,25,0.0987,9,5
2017-08-18,twitter,17,0.0135,3,2
2017-08-19,twitter,16,0.1042,6,1
2017-08-20,twitter,15,0.1389,7,3
2017-08-21,twitter,24,0.1668,13,3
2017-08-22,twitter,28,0.0827,9,7
2017-08-23,twitter,31,0.1807,11,1
2017-08-24,twitter,14,0.053,3,2
2017-08-25,twitter,18,0.257,10,3
2017-08-26,twitter,6,0.2692,3,0
2017-08-27,twitter,15,0.2223,9,1
2017-08-28,twitter,16,0.092,5,4
2017-08-29,twitter,21,0.0537,8,4
2017-08-30,twitter,17,0.1489,9,5
2017-08-31,twitter,28,0.1125,11,3
2017-09-01,twitter,19,0.0801,4,4
2017-09-02,twitter,12,0.2373,5,0
2017-09-03,twitter,18,0.285,9,2
2017-09-04,twitter,21,0.0252,8,7
2017-09-05,twitter,19,0.1295,8,5
2017-09-06,twitter,24,0.1351,10,3
2017-09-07,twitter,24,0.1658,10,2
2017-09-08,twitter,20,-0.0153,8,6
2017-09-09,twitter,26,0.0837,8,6
2017-09-10,twitter,20,0.0787,6,3
2017-09-11,twitter,25,0.1377,10,4
2017-09-12,twitter,34,0.1146,15,8
2017-09-13,twitter,23,0.1104,11,4
2017-09-14,twitter,41,0.0702,14,13
2017-09-15,twitter,25,-0.0357,7,8
2017-09-16,twitter,16,-0.0425,1,3
2017-09-17,twitter,12,0.1607,7,2
2017-09-18,twitter,21,0.0363,3,3
2017-09-19,twitter,14,0.1961,6,2
2017-09-20,twitter,25,0.0318,5,5
2017-09-21,twitter,21,0.1601,8,1
2017-09-22,twitter,27,0.0844,11,7
2017-09-23,twitter,18,0.2617,10,2
2017-09-24,twitter,24,0.2105,11,3
2017-09-25,twitter,26,0.1184,12,4
2017-09-26,twitter,26,0.2176,13,2
2017-09-27,twitter,30,0.1426,13,5
2017-09-28,twitter,24,0.0308,7,8
2017-09-29,twitter,26,0.1627,10,4
2017-09-30,twitter,10,0.284,6,2
2017-10-01,twitter,21,0.0752,5,1
2017-10-02,twitter,23,0.2749,11,2
2017-10-03,twitter,19,0.2182,9,2
2017-10-04,twitter,29,0.0652,9,8
2017-10-05,twitter,18,0.2011,9,2
2017-10-06,twitter,24,0.1044,9,5
2017-10-07,twitter,23,0.2405,13,1
2017-10-08,twitter,19,0.2115,10,3
2017-10-09,twitter,18,0.0971,5,3
2017-10-10,twitter,24,0.104,10,6
2017-10-11,twitter,34,0.2089,15,2
2017-10-12,twitter,44,0.2265,23,3
2017-10-13,twitter,33,0.2074,18,6
2017-10-14,twitter,27,0.1195,12,5
2017-10-15,twitter,20,0.2363,9,2
2017-10-16,twitter,27,0.2841,15,2
2017-10-17,twitter,28,0.1757,15,4
2017-10-18,twitter,26,0.1656,10,1
2017-10-19,twitter,31,0.0121,8,8
2017-10-20,twitter,39,0.0964,13,8
2017-10-21,twitter,20,0.2509,10,1
2017-10-22,twitter,22,0.1404,8,1
2017-10-23,twitter,26,0.0458,8,7
2017-10-24,twitter,29,0.2158,15,4
2017-10-25,twitter,29,0.1721,14,5
2017-10-26,twitter,18,0.2185,9,3
2017-10-27,twitter,23,0.1796,13,3
2017-10-28,twitter,21,0.1095,8,5
2017-10-29,twitter,15,0.2614,9,3
2017-10-30,twitter,25,0.232,15,2
2017-10-31,twitter,30,0.074,10,8
2017-11-01,twitter,34,0.1672,12,3
2017-11-02,twitter,40,0.116,20,8
2017-11-03,twitter,38,0.1829,16,8
2017-11-04,twitter,27,0.1506,12,3
2017-11-05,twitter,26,0.1025,8,3
2017-11-06,twitter,20,-0.0289,5,6
2017-11-07,twitter,27,0.234,13,3
2017-11-08,twitter,44,0.1359,19,9
2017-11-09,twitter,25,0.2512,14,2
2017-11-10,twitter,33,0.2292,17,3
2017-11-11,twitter,39,0.2422,20,5
2017-11-12,twitter,33,0.192,18,5
2017-11-13,twitter,49,0.1027,27,13
2017-11-14,twitter,58,0.1642,27,11
2017-11-15,twitter,44,0.2521,24,4
2017-11-16,twitter,49,0.1522,21,10
2017-11-17,twitter,37,0.1057,17,8
2017-11-18,twitter,30,0.3709,23,2
2017-11-19,twitter,31,0.326,19,3
2017-11-20,twitter,45,0.118,18,12
2017-11-21,twitter,42,0.2016,21,6
2017-11-22,twitter,42,0.1732,17,6
2017-11-23,twitter,44,0.2645,26,6
2017-11-24,twitter,34,0.2291,17,8
2017-11-25,twitter,52,0.3303,33,8
2017-11-26,twitter,57,0.2895,32,4
2017-11-27,twitter,66,0.189,34,14
2017-11-28,twitter,64,0.2947,34,6
2017-11-29,twitter,43,0.0817,16,11
2017-11-30,twitter,44,0.2813,28,8
2017-12-01,twitter,30,0.2401,14,2
2017-12-02,twitter,38,0.1317,15,11
2017-12-03,twitter,51,0.1559,27,13
2017-12-04,twitter,77,0.1442,33,12
2017-12-05,twitter,85,0.1103,35,18
2017-12-06,twitter,73,0.1317,31,12
2017-12-07,twitter,48,0.2353,28,10
2017-12-08,twitter,35,0.2015,18,9
2017-12-09,twitter,52,0.0933,24,14
2017-12-10,twitter,69,0.1437,30,12
2017-12-11,twitter,66,0.1453,30,13
2017-12-12,twitter,131,0.2071,72,24
2017-12-13,twitter,106,0.2532,62,20
2017-12-14,twitter,74,0.1713,35,17
2017-12-15,twitter,92,0.1873,45,19
2017-12-16,twitter,58,0.0799,23,14
2017-12-17,twitter,65,0.1779,30,13
2017-12-18,twitter,65,0.223,29,7
2017-12-19,twitter,75,0.2514,42,15
2017-12-20,twitter,45,0.3359,28,5
2017-12-21,twitter,70,0.1583,34,12
2017-12-22,twitter,115,0.1667,59,29
2017-12-23,twitter,59,0.2451,35,8
2017-12-24,twitter,47,0.3187,31,9
2017-12-25,twitter,64,0.2986,37,9
2017-12-26,twitter,53,0.1299,23,14
2017-12-27,twitter,62,0.2225,36,14
2017-12-28,twitter,53,0.2489,31,4
2017-12-29,twitter,82,0.173,35,16
2017-12-30,twitter,53,0.2814,32,10
2017-12-31,twitter,45,0.4074,33,5
2018-01-01,twitter,59,0.1349,29,15
2018-01-02,twitter,73,0.1793,37,18
2018-01-03,twitter,81,0.2086,39,11
2018-01-04,twitter,82,0.2028,41,14
2018-01-05,twitter,67,0.1926,36,12
2018-01-06,twitter,48,0.1288,22,12
2018-01-07,twitter,63,0.2065,32,11
2018-01-08,twitter,89,0.2521,54,16
2018-01-09,twitter,101,0.1647,48,20
2018-01-10,twitter,90,0.1772,46,19
2018-01-11,twitter,106,0.198,54,17
2018-01-12,twitter,85,0.1612,43,19
2018-01-13,twitter,51,0.2715,28,10
2018-01-14,twitter,43,0.2053,24,6
2018-01-15,twitter,70,0.1705,32,14
2018-01-16,twitter,109,0.0936,50,32
2018-01-17,twitter,98,0.2116,55,23
2018-01-18,twitter,57,0.1882,28,10
2018-01-19,twitter,54,0.2574,28,10
2018-01-20,twitter,65,0.1082,29,14
2018-01-21,twitter,60,0.1927,28,14
2018-01-22,twitter,81,0.2372,39,11
2018-01-23,twitter,83,0.1758,40,14
2018-01-24,twitter,78,0.2248,41,15
2018-01-25,twitter,91,0.2403,47,15
2018-01-26,twitter,68,0.1969,36,14
2018-01-27,twitter,65,0.2101,30,10
2018-01-28,twitter,59,0.3271,37,5
2018-01-29,twitter,72,0.243,38,14
2018-01-30,twitter,82,0.1421,33,19
2018-01-31,twitter,87,0.1798,44,16
2018-02-01,twitter,76,0.1338,31,19
2018-02-02,twitter,75,0.1119,33,21
2018-02-03,twitter,50,0.2013,25,10
2018-02-04,twitter,40,0.1964,18,9
2018-02-05,twitter,101,0.1488,52,27
2018-02-06,twitter,88,0.22,46,17
2018-02-07,twitter,68,0.1934,37,15
2018-02-08,twitter,65,0.1779,39,13
2018-02-09,twitter,68,0.2198,37,14
2018-02-10,twitter,50,0.2258,26,11
2018-02-11,twitter,50,0.32,35,3
2018-02-12,twitter,67,0.2423,39,11
2018-02-13,twitter,69,0.2461,40,7
2018-02-14,twitter,94,0.278,52,11
2018-02-15,twitter,69,0.245,43,8
2018-02-16,twitter,86,0.1416,37,17
2018-02-17,twitter,45,0.1907,23,13
2018-02-18,twitter,43,0.3086,27,5
2018-02-19,twitter,53,0.2241,27,7
2018-02-20,twitter,63,0.235,36,7
2018-02-21,twitter,63,0.2163,35,8
2018-02-22,twitter,65,0.2119,34,11
2018-02-23,twitter,53,0.1933,26,11
2018-02-24,twitter,54,0.2522,30,12
2018-02-25,twitter,39,0.2384,21,7
2018-02-26,twitter,85,0.2433,51,16
2018-02-27,twitter,75,0.1665,37,12
2018-02-28,twitter,76,0.2347,43,14
2018-03-01,twitter,71,0.3682,45,4
2018-03-02,twitter,52,0.1873,27,10
2018-03-03,twitter,35,0.1543,16,8
2018-03-04,twitter,51,0.2126,26,9
2018-03-05,twitter,59,0.306,37,9
2018-03-06,twitter,69,0.2325,35,11
2018-03-07,twitter,83,0.294,46,13
2018-03-08,twitter,72,0.3493,45,13
2018-03-09,twitter,61,0.1525,29,11
2018-03-10,twitter,49,0.1983,25,13
2018-03-11,twitter,43,0.1298,22,11
2018-03-12,twitter,77,0.2208,37,16
2018-03-13,twitter,70,0.2149,34,12
2018-03-14,twitter,80,0.1162,35,21
2018-03-15,twitter,60,0.2967,34,7
2018-03-16,twitter,51,0.264,28,5
2018-03-17,twitter,52,0.1097,24,16
2018-03-18,twitter,65,0.2421,38,12
2018-03-19,twitter,84,0.2087,44,19
2018-03-20,twitter,63,0.2849,35,8
2018-03-21,twitter,63,0.2878,38,10
2018-03-22,twitter,73,0.3257,48,8
2018-03-23,twitter,74,0.2592,39,11
2018-03-24,twitter,44,0.3995,31,5
2018-03-25,twitter,39,0.2527,24,9
2018-03-26,twitter,66,0.2818,41,8
2018-03-27,twitter,62,0.2876,35,10
2018-03-28,twitter,78,0.1506,37,17
2018-03-29,twitter,57,0.2445,34,11
2018-03-30,twitter,53,0.2783,31,6
2018-03-31,twitter,37,0.2822,24,6
2018-04-01,twitter,51,0.2968,32,8
2018-04-02,twitter,51,0.244,27,6
2018-04-03,twitter,66,0.2336,37,14
2018-04-04,twitter,39,0.3169,24,9
2018-04-05,twitter,57,0.3148,37,9
2018-04-06,twitter,51,0.2069,28,12
2018-04-07,twitter,49,0.3969,34,6
2018-04-08,twitter,57,0.2463,34,10
2018-04-09,twitter,55,0.11,29,16
2018-04-10,twitter,56,0.2112,31,10
2018-04-11,twitter,58,0.2583,33,7
2018-04-12,twitter,57,0.2092,29,10
2018-04-13,twitter,52,0.2525,31,6
2018-04-14,twitter,31,0.1897,17,5
2018-04-15,twitter,37,0.1928,20,6
2018-04-16,twitter,56,0.2413,30,10
2018-04-17,twitter,69,0.2481,39,10
2018-04-18,twitter,59,0.2189,33,11
2018-04-19,twitter,66,0.3255,37,5
2018-04-20,twitter,50,0.2978,34,6
2018-04-21,twitter,40,0.2908,24,6
2018-04-22,twitter,53,0.2281,28,7
2018-04-23,twitter,64,0.1894,37,12
2018-04-24,twitter,67,0.3148,42,9
2018-04-25,twitter,51,0.3476,35,4
2018-04-26,twitter,79,0.2023,41,15
2018-04-27,twitter,68,0.2177,38,9
2018-04-28,twitter,41,0.2544,24,7
2018-04-29,twitter,49,0.3297,31,7
2018-04-30,twitter,53,0.2602,27,8
2018-05-01,twitter,75,0.2668,44,10
2018-05-02,twitter,61,0.4029,45,5
2018-05-03,twitter,55,0.2944,32,8
2018-05-04,twitter,78,0.341,51,8
2018-05-05,twitter,45,0.3129,29,5
2018-05-06,twitter,25,0.2005,12,5
2018-05-07,twitter,78,0.1831,41,15
2018-05-08,twitter,63,0.1414,33,11
2018-05-09,twitter,67,0.2986,42,11
2018-05-10,twitter,71,0.2476,37,6
2018-05-11,twitter,62,0.2556,36,11
2018-05-12,twitter,50,0.3051,31,7
2018-05-13,twitter,42,0.2628,27,6
2018-05-14,twitter,85,0.2137,44,14
2018-05-15,twitter,91,0.2735,55,9
2018-05-16,twitter,72,0.2665,38,10
2018-05-17,twitter,72,0.2915,46,10
2018-05-18,twitter,58,0.2724,37,12
2018-05-19,twitter,41,0.2962,25,5
2018-05-20,twitter,42,0.3362,28,5
2018-05-21,twitter,71,0.3585,49,7
2018-05-22,twitter,63,0.2673,39,11
2018-05-23,twitter,74,0.2538,42,11
2018-05-24,twitter,70,0.2299,37,10
2018-05-25,twitter,62,0.1515,32,10
2018-05-26,twitter,38,0.106,19,11
2018-05-27,twitter,43,0.2329,22,6
2018-05-28,twitter,51,0.1307,26,14
2018-05-29,twitter,70,0.2591,40,11
2018-05-30,twitter,50,0.1514,23,12
2018-05-31,twitter,67,0.264,40,9
2018-06-01,twitter,53,0.2212,27,7
2018-06-02,twitter,49,0.3169,31,7
2018-06-03,twitter,39,0.2881,25,6
2018-06-04,twitter,48,0.2414,24,9
2018-06-05,twitter,65,0.3587,42,3
2018-06-06,twitter,79,0.1262,39,20
2018-06-07,twitter,70,0.1874,36,14
2018-06-08,twitter,65,0.1793,32,15
2018-06-09,twitter,55,0.3462,37,4
2018-06-10,twitter,60,0.2337,35,10
2018-06-11,twitter,70,0.3387,46,11
2018-06-12,twitter,54,0.2814,32,9
2018-06-13,twitter,65,0.1533,31,18
2018-06-14,twitter,52,0.2954,31,15
2018-06-15,twitter,50,0.2326,28,10
2018-06-16,twitter,47,0.3542,31,5
2018-06-17,twitter,44,0.2766,30,8
2018-06-18,twitter,51,0.2039,26,9
2018-06-19,twitter,58,0.2475,33,8
2018-06-20,twitter,81,0.2357,44,16
2018-06-21,twitter,51,0.2657,29,9
2018-06-22,twitter,47,0.3674,31,6
2018-06-23,twitter,40,0.185,21,9
2018-06-24,twitter,48,0.0915,21,15
2018-06-25,twitter,73,0.2781,42,10
2018-06-26,twitter,56,0.1998,32,13
2018-06-27,twitter,53,0.3698,36,5
2018-06-28,twitter,67,0.3645,49,8
2018-06-29,twitter,69,0.2612,35,12
2018-06-30,twitter,32,0.3394,17,4
2018-07-01,twitter,44,0.3069,28,7
2018-07-02,twitter,49,0.3217,32,10
2018-07-03,twitter,43,0.3438,28,3
2018-07-04,twitter,58,0.3241,36,8
2018-07-05,twitter,57,0.1388,24,12
2018-07-06,twitter,56,0.3311,33,2
2018-07-07,twitter,51,0.3852,35,4
2018-07-08,twitter,54,0.2754,32,7
2018-07-09,twitter,63,0.3528,41,2
2018-07-10,twitter,64,0.2944,39,6
2018-07-11,twitter,51,0.3768,31,2
2018-07-12,twitter,55,0.1733,26,10
2018-07-13,twitter,66,0.3427,44,9
2018-07-14,twitter,38,0.2891,21,5
2018-07-15,twitter,30,0.295,17,7
2018-07-16,twitter,84,0.2752,45,13
2018-07-17,twitter,75,0.2753,42,7
2018-07-18,twitter,57,0.2807,31,8
2018-07-19,twitter,57,0.2808,34,10
2018-07-20,twitter,50,0.2463,28,10
2018-07-21,twitter,32,0.2364,15,6
2018-07-22,twitter,46,0.2917,29,7
2018-07-23,twitter,51,0.1853,30,11
2018-07-24,twitter,61,0.2568,38,11
2018-07-25,twitter,63,0.3238,41,11
2018-07-26,twitter,62,0.1558,31,17
2018-07-27,twitter,59,0.2504,34,8
2018-07-28,twitter,28,0.2053,16,4
2018-07-29,twitter,59,0.3115,38,7
2018-07-30,twitter,67,0.2197,33,8
2018-07-31,twitter,80,0.2422,46,14
2018-08-01,twitter,65,0.3771,45,7
2018-08-02,twitter,56,0.3351,39,9
2018-08-03,twitter,54,0.259,32,9
2018-08-04,twitter,26,0.223,15,3
2018-08-05,twitter,42,0.2449,24,9
2018-08-06,twitter,56,0.2469,33,9
2018-08-07,twitter,62,0.2556,37,12
2018-08-08,twitter,40,0.2808,24,5
2018-08-09,twitter,48,0.2079,23,10
2018-08-10,twitter,58,0.2035,32,12
2018-08-11,twitter,45,0.1678,18,8
2018-08-12,twitter,47,0.2953,30,10
2018-08-13,twitter,63,0.1896,38,13
2018-08-14,twitter,53,0.1449,27,14
2018-08-15,twitter,47,0.2021,23,5
2018-08-16,twitter,54,0.3309,38,6
2018-08-17,twitter,45,0.3502,29,4
2018-08-18,twitter,49,0.1853,31,11
2018-08-19,twitter,44,0.2445,25,9
2018-08-20,twitter,55,0.3922,39,3
2018-08-21,twitter,49,0.2316,28,11
2018-08-22,twitter,65,0.2982,44,8
2018-08-23,twitter,70,0.3456,44,10
2018-08-24,twitter,45,0.1795,23,13
2018-08-25,twitter,40,0.2293,26,8
2018-08-26,twitter,48,0.2187,26,12
2018-08-27,twitter,52,0.2788,33,8
2018-08-28,twitter,57,0.378,40,5
2018-08-29,twitter,54,0.3072,30,5
2018-08-30,twitter,58,0.2685,33,11
2018-08-31,twitter,63,0.3994,44,7
2018-09-01,twitter,35,0.2744,18,5
2018-09-02,twitter,55,0.2841,35,8
2018-09-03,twitter,40,0.2992,27,7
2018-09-04,twitter,57,0.3281,35,3
2018-09-05,twitter,55,0.3586,35,5
2018-09-06,twitter,56,0.3537,33,5
2018-09-07,twitter,54,0.2329,28,7
2018-09-08,twitter,42,0.2373,21,6
2018-09-09,twitter,45,0.141,21,14
2018-09-10,twitter,65,0.2681,33,12
2018-09-11,twitter,58,0.2547,33,11
2018-09-12,twitter,67,0.2373,35,11
2018-09-13,twitter,52,0.291,34,8
2018-09-14,twitter,53,0.1616,24,7
2018-09-15,twitter,46,0.3323,30,5
2018-09-16,twitter,32,0.1759,15,8
2018-09-17,twitter,56,0.2981,33,9
2018-09-18,twitter,50,0.2442,28,9
2018-09-19,twitter,62,0.2898,41,12
2018-09-20,twitter,66,0.2472,37,13
2018-09-21,twitter,55,0.3165,32,6
2018-09-22,twitter,44,0.1421,24,8
2018-09-23,twitter,39,0.1741,18,10
2018-09-24,twitter,55,0.3625,41,8
2018-09-25,twitter,61,0.1803,32,13
2018-09-26,twitter,58,0.3338,38,6
2018-09-27,twitter,43,0.2544,24,5
2018-09-28,twitter,48,0.3081,28,8
2018-09-29,twitter,35,0.3137,22,4
2018-09-30,twitter,30,0.2491,16,4
2018-10-01,twitter,53,0.2255,27,11
2018-10-02,twitter,57,0.3233,36,5
2018-10-03,twitter,38,0.2863,22,3
2018-10-04,twitter,52,0.2142,29,11
2018-10-05,twitter,44,0.2265,25,9
2018-10-06,twitter,30,0.2354,17,6
2018-10-07,twitter,38,0.2703,23,7
2018-10-08,twitter,59,0.2014,32,9
2018-10-09,twitter,52,0.2372,24,5
2018-10-10,twitter,55,0.2533,30,7
2018-10-11,twitter,50,0.2289,29,9
2018-10-12,twitter,34,0.3603,21,4
2018-10-13,twitter,33,0.2465,18,6
2018-10-14,twitter,37,0.2411,21,6
2018-10-15,twitter,54,0.3146,34,6
2018-10-16,twitter,50,0.3034,26,5
2018-10-17,twitter,48,0.3444,30,8
2018-10-18,twitter,34,0.2815,23,7
2018-10-19,twitter,54,0.3564,35,3
2018-10-20,twitter,34,0.3161,17,4
2018-10-21,twitter,28,0.396,20,0
2018-10-22,twitter,52,0.2042,30,9
2018-10-23,twitter,44,0.2131,25,8
2018-10-24,twitter,29,0.3647,21,3
2018-10-25,twitter,44,0.2524,26,11
2018-10-26,twitter,42,0.2166,24,8
2018-10-27,twitter,30,0.3863,21,3
2018-10-28,twitter,31,0.3082,18,7
2018-10-29,twitter,49,0.1919,26,9
2018-10-30,twitter,37,0.3101,22,5
2018-10-31,twitter,54,0.3863,37,4
2018-11-01,twitter,36,0.1556,18,10
2018-11-02,twitter,38,0.3764,27,3
2018-11-03,twitter,43,0.2036,22,7
2018-11-04,twitter,41,0.3607,28,3
2018-11-05,twitter,45,0.2353,27,10
2018-11-06,twitter,63,0.3143,41,10
2018-11-07,twitter,51,0.2621,28,7
2018-11-08,twitter,48,0.2045,23,9
2018-11-09,twitter,34,0.202,18,6
2018-11-10,twitter,36,0.0642,16,11
2018-11-11,twitter,33,0.2762,19,7
2018-11-12,twitter,50,0.3467,32,3
2018-11-13,twitter,48,0.2536,30,9
2018-11-14,twitter,63,0.105,23,18
2018-11-15,twitter,55,0.2709,37,8
2018-11-16,twitter,44,0.2853,24,6
2018-11-17,twitter,38,0.3004,22,5
2018-11-18,twitter,34,0.2027,19,7
2018-11-19,twitter,54,0.2623,32,9
2018-11-20,twitter,71,0.2719,41,15
2018-11-21,twitter,53,0.2218,31,9
2018-11-22,twitter,40,0.2431,22,9
2018-11-23,twitter,36,0.2638,21,5
2018-11-24,twitter,49,0.1741,27,15
2018-11-25,twitter,41,0.3031,28,10
2018-11-26,twitter,65,0.2142,32,7
2018-11-27,twitter,44,0.3242,27,4
2018-11-28,twitter,60,0.2172,35,11
2018-11-29,twitter,57,0.1631,27,14
2018-11-30,twitter,33,0.3602,21,6
2018-12-01,twitter,35,0.3214,22,3
2018-12-02,twitter,30,0.2521,20,7
2018-12-03,twitter,57,0.1289,30,17
2018-12-04,twitter,59,0.2827,33,9
2018-12-05,twitter,50,0.246,27,11
2018-12-06,twitter,49,0.2052,27,11
2018-12-07,twitter,52,0.2245,27,14
2018-12-08,twitter,30,0.2765,20,6
2018-12-09,twitter,25,0.2379,16,6
2018-12-10,twitter,40,0.4422,31,3
2018-12-11,twitter,44,0.2001,23,7
2018-12-12,twitter,49,0.2239,29,10
2018-12-13,twitter,64,0.1308,33,16
2018-12-14,twitter,32,0.3809,22,4
2018-12-15,twitter,38,0.2501,24,6
2018-12-16,twitter,25,0.2905,16,4
2018-12-17,twitter,44,0.4694,34,4
2018-12-18,twitter,43,0.2703,26,5
2018-12-19,twitter,60,0.3306,36,9
2018-12-20,twitter,38,0.228,22,9
2018-12-21,twitter,47,0.2557,26,8
2018-12-22,twitter,36,0.3598,22,6
2018-12-23,twitter,34,0.3181,21,5
2018-12-24,twitter,36,0.3944,22,4
2018-12-25,twitter,34,0.2261,19,7
2018-12-26,twitter,25,0.1407,12,6
2018-12-27,twitter,31,0.1628,16,8
2018-12-28,twitter,40,0.2103,22,8
2018-12-29,twitter,36,0.3742,23,3
2018-12-30,twitter,27,0.3115,15,4
2018-12-31,twitter,33,0.4061,20,4
2019-01-01,twitter,38,0.3196,20,6
2019-01-02,twitter,35,0.2625,19,8
2019-01-03,twitter,51,0.3423,30,6
2019-01-04,twitter,40,0.3875,26,3
2019-01-05,twitter,37,0.3543,23,4
2019-01-06,twitter,30,0.2838,18,4
2019-01-07,twitter,49,0.2349,28,4
2019-01-08,twitter,35,0.234,20,6
2019-01-09,twitter,46,0.2211,24,12
2019-01-10,twitter,41,0.3039,26,5
2019-01-11,twitter,36,0.2406,24,6
2019-01-12,twitter,39,0.2716,21,6
2019-01-13,twitter,36,0.2219,20,7
2019-01-14,twitter,34,0.3152,21,6
2019-01-15,twitter,30,0.2791,17,3
2019-01-16,twitter,37,0.2586,20,6
2019-01-17,twitter,38,0.3124,24,4
2019-01-18,twitter,46,0.3925,32,6
2019-01-19,twitter,30,0.4099,23,3
2019-01-20,twitter,29,0.2427,16,6
2019-01-21,twitter,46,0.1804,22,8
2019-01-22,twitter,44,0.2589,25,9
2019-01-23,twitter,45,0.2888,30,7
2019-01-24,twitter,38,0.2867,22,4
2019-01-25,twitter,35,0.3598,22,2
2019-01-26,twitter,22,0.2217,10,4
2019-01-27,twitter,25,0.1594,13,7
2019-01-28,twitter,40,0.1497,21,10
2019-01-29,twitter,48,0.3664,31,5
2019-01-30,twitter,37,0.4121,27,3
2019-01-31,twitter,49,0.2622,28,7
2019-02-01,twitter,37,0.268,20,5
2019-02-02,twitter,36,0.3098,23,5
2019-02-03,twitter,29,0.2432,18,6
2019-02-04,twitter,43,-0.0513,17,17
2019-02-05,twitter,56,0.1949,32,11
2019-02-06,twitter,50,0.2423,29,11
2019-02-07,twitter,42,0.3292,30,6
2019-02-08,twitter,45,0.257,23,7
2019-02-09,twitter,32,0.1436,15,6
2019-02-10,twitter,29,0.268,18,3
2019-02-11,twitter,44,0.4084,35,4
2019-02-12,twitter,35,0.1893,17,7
2019-02-13,twitter,38,0.3191,24,5
2019-02-14,twitter,63,0.1394,29,18
2019-02-15,twitter,36,0.3676,25,5
2019-02-16,twitter,33,0.1076,15,11
2019-02-17,twitter,30,0.2442,16,3
2019-02-18,twitter,55,0.2214,32,11
2019-02-19,twitter,45,0.234,22,7
2019-02-20,twitter,51,0.2636,30,9
2019-02-21,twitter,48,0.2817,29,7
2019-02-22,twitter,34,-0.0317,13,12
2019-02-23,twitter,41,0.3681,28,3
2019-02-24,twitter,35,0.2397,19,11
2019-02-25,twitter,51,0.205,30,11
2019-02-26,twitter,43,0.0679,16,11
2019-02-27,twitter,48,0.1785,21,10
2019-02-28,twitter,48,0.3375,35,6
2019-03-01,twitter,42,0.1975,23,11
2019-03-02,twitter,35,0.2052,19,7
2019-03-03,twitter,29,0.1817,14,8
2019-03-04,twitter,38,0.3281,26,6
2019-03-05,twitter,57,0.22,34,11
2019-03-06,twitter,40,0.3083,26,5
2019-03-07,twitter,52,0.2582,32,15
2019-03-08,twitter,40,0.3653,29,4
2019-03-09,twitter,31,0.135,13,7
2019-03-10,twitter,33,0.2734,20,6
2019-03-11,twitter,44,0.2366,25,6
2019-03-12,twitter,39,0.2788,24,5
2019-03-13,twitter,32,0.2636,17,4
2019-03-14,twitter,37,0.3439,23,6
2019-03-15,twitter,34,0.2256,16,4
2019-03-16,twitter,25,0.2048,16,6
2019-03-17,twitter,34,0.3639,22,4
2019-03-18,twitter,46,0.3182,31,6
2019-03-19,twitter,51,0.3294,32,4
2019-03-20,twitter,56,0.3467,36,6
2019-03-21,twitter,46,0.1541,24,9
2019-03-22,twitter,42,0.2233,23,10
2019-03-23,twitter,36,0.2642,19,7
2019-03-24,twitter,28,0.2643,18,4
2019-03-25,twitter,37,0.2312,21,5
2019-03-26,twitter,30,0.1774,14,9
2019-03-27,twitter,43,0.2222,22,11
2019-03-28,twitter,48,0.2416,27,12
2019-03-29,twitter,43,0.2093,28,10
2019-03-30,twitter,30,0.4058,22,1
2019-03-31,twitter,42,0.2189,25,10
2019-04-01,twitter,43,0.2617,22,6
2019-04-02,twitter,66,0.3104,40,7
2019-04-03,twitter,58,0.347,39,5
2019-04-04,twitter,45,0.227,26,7
2019-04-05,twitter,40,0.3393,26,4
2019-04-06,twitter,36,0.219,20,7
2019-04-07,twitter,35,0.3046,24,5
2019-04-08,twitter,43,0.2116,25,11
2019-04-09,twitter,63,0.3031,40,13
2019-04-10,twitter,45,0.3568,30,5
2019-04-11,twitter,58,0.2711,33,9
2019-04-12,twitter,50,0.2879,27,12
2019-04-13,twitter,32,0.408,24,3
2019-04-14,twitter,29,0.3895,20,1
2019-04-15,twitter,50,0.2774,32,9
2019-04-16,twitter,50,0.2521,30,6
2019-04-17,twitter,52,0.3614,33,8
2019-04-18,twitter,33,0.3405,21,5
2019-04-19,twitter,49,0.1935,25,13
2019-04-20,twitter,53,0.2394,29,8
2019-04-21,twitter,37,0.1726,21,12
2019-04-22,twitter,35,0.2961,23,6
2019-04-23,twitter,49,0.2956,29,4
2019-04-24,twitter,56,0.2232,31,12
2019-04-25,twitter,53,0.1883,31,11
2019-04-26,twitter,53,0.3385,34,6
2019-04-27,twitter,48,0.2018,27,9
2019-04-28,twitter,30,0.4332,24,2
2019-04-29,twitter,36,0.3182,24,4
2019-04-30,twitter,40,0.2859,25,6
2019-05-01,twitter,41,0.2752,24,6
2019-05-02,twitter,48,0.2764,28,7
2019-05-03,twitter,60,0.1805,32,13
2019-05-04,twitter,41,0.3252,27,7
2019-05-05,twitter,34,0.1778,20,9
2019-05-06,twitter,57,0.2906,43,9
2019-05-07,twitter,44,0.2852,29,6
2019-05-08,twitter,44,0.1596,23,11
2019-05-09,twitter,58,0.1924,29,11
2019-05-10,twitter,77,0.2536,41,14
2019-05-11,twitter,57,0.2756,33,11
2019-05-12,twitter,41,0.2543,23,8
2019-05-13,twitter,95,0.1802,49,22
2019-05-14,twitter,74,0.3025,43,10
2019-05-15,twitter,78,0.2252,43,16
2019-05-16,twitter,63,0.3076,41,10
2019-05-17,twitter,61,0.2935,35,8
2019-05-18,twitter,31,0.3516,20,5
2019-05-19,twitter,49,0.1824,24,10
2019-05-20,twitter,55,0.3304,38,10
2019-05-21,twitter,67,0.1961,31,13
2019-05-22,twitter,63,0.3154,37,7
2019-05-23,twitter,67,0.3189,37,8
2019-05-24,twitter,57,0.3132,36,8
2019-05-25,twitter,36,0.3092,25,7
2019-05-26,twitter,56,0.1617,27,13
2019-05-27,twitter,43,0.283,25,9
2019-05-28,twitter,61,0.2723,37,10
2019-05-29,twitter,57,0.2067,32,13
2019-05-30,twitter,50,0.2426,29,12
2019-05-31,twitter,41,0.2411,21,9
2019-06-01,twitter,47,0.2933,29,6
2019-06-02,twitter,41,0.2094,21,8
2019-06-03,twitter,61,0.2628,39,10
2019-06-04,twitter,45,0.262,26,7
2019-06-05,twitter,45,0.2723,31,9
2019-06-06,twitter,55,0.1881,28,13
2019-06-07,twitter,52,0.2342,29,10
2019-06-08,twitter,36,0.1031,19,12
2019-06-09,twitter,39,0.2633,21,5
2019-06-10,twitter,45,0.1518,19,12
2019-06-11,twitter,49,0.3355,32,5
2019-06-12,twitter,50,0.349,36,7
2019-06-13,twitter,39,0.3194,22,5
2019-06-14,twitter,61,0.1995,31,10
2019-06-15,twitter,40,0.1995,18,7
2019-06-16,twitter,46,0.2586,26,9
2019-06-17,twitter,66,0.2385,35,7
2019-06-18,twitter,109,0.214,58,23
2019-06-19,twitter,65,0.2482,40,13
2019-06-20,twitter,68,0.252,36,11
2019-06-21,twitter,65,0.1859,31,11
2019-06-22,twitter,67,0.2859,39,12
2019-06-23,twitter,38,0.1904,20,8
2019-06-24,twitter,49,0.2266,27,9
2019-06-25,twitter,76,0.2359,44,14
2019-06-26,twitter,82,0.2114,44,15
2019-06-27,twitter,73,0.2631,45,8
2019-06-28,twitter,54,0.2551,31,7
2019-06-29,twitter,35,0.3793,23,4
2019-06-30,twitter,44,0.1609,19,11
2019-07-01,twitter,44,0.2004,20,9
2019-07-02,twitter,66,0.2644,40,10
2019-07-03,twitter,63,0.2219,33,12
2019-07-04,twitter,44,0.3063,32,7
2019-07-05,twitter,44,0.3027,28,8
2019-07-06,twitter,43,0.2064,24,8
2019-07-07,twitter,45,0.3051,26,6
2019-07-08,twitter,50,0.3185,27,7
2019-07-09,twitter,64,0.2767,38,9
2019-07-10,twitter,66,0.1697,32,16
2019-07-11,twitter,57,0.1698,30,13
2019-07-12,twitter,63,0.3229,42,9
2019-07-13,twitter,35,0.1936,21,8
2019-07-14,twitter,33,0.2457,19,7
2019-07-15,twitter,79,0.2777,52,13
2019-07-16,twitter,62,0.24,38,11
2019-07-17,twitter,62,0.1207,28,19
2019-07-18,twitter,62,0.309,40,11
2019-07-19,twitter,48,0.4109,38,4
2019-07-20,twitter,60,0.2976,33,9
2019-07-21,twitter,51,0.1532,24,13
2019-07-22,twitter,49,0.1961,26,11
2019-07-23,twitter,43,0.2685,26,7
2019-07-24,twitter,43,0.2431,25,11
2019-07-25,twitter,45,0.2233,28,11
2019-07-26,twitter,53,0.2388,31,10
2019-07-27,twitter,35,0.2427,21,5
2019-07-28,twitter,42,0.3503,28,5
2019-07-29,twitter,63,0.1717,34,13
2019-07-30,twitter,52,0.3571,35,5
2019-07-31,twitter,63,0.2469,34,12
2019-08-01,twitter,39,0.2167,21,11
2019-08-02,twitter,59,0.3268,36,8
2019-08-03,twitter,23,0.2239,13,4
2019-08-04,twitter,38,0.2705,26,8
2019-08-05,twitter,52,0.2056,28,12
2019-08-06,twitter,44,0.1869,21,10
2019-08-07,twitter,57,0.144,26,14
2019-08-08,twitter,51,0.3922,36,7
2019-08-09,twitter,49,0.2976,28,11
2019-08-10,twitter,32,0.0937,15,8
2019-08-11,twitter,32,0.2237,17,8
2019-08-12,twitter,59,0.2351,31,17
2019-08-13,twitter,60,0.2747,33,13
2019-08-14,twitter,52,0.1905,29,16
2019-08-15,twitter,47,0.4098,36,7
2019-08-16,twitter,44,0.1615,23,9
2019-08-17,twitter,28,0.1903,15,6
2019-08-18,twitter,38,0.38,25,6
2019-08-19,twitter,45,0.358,31,5
2019-08-20,twitter,38,0.2725,24,5
2019-08-21,twitter,51,0.1941,22,10
2019-08-22,twitter,45,0.3413,31,5
2019-08-23,twitter,38,0.2322,23,7
2019-08-24,twitter,31,0.2334,17,4
2019-08-25,twitter,35,0.1122,14,11
2019-08-26,twitter,33,0.1992,19,9
2019-08-27,twitter,52,0.2274,29,9
2019-08-28,twitter,47,0.0901,24,15
2019-08-29,twitter,53,0.3363,37,7
2019-08-30,twitter,37,0.404,29,6
2019-08-31,twitter,42,0.3279,26,7
2019-09-01,twitter,37,0.3183,25,6
2019-09-02,twitter,47,0.3281,30,7
2019-09-03,twitter,40,0.2998,24,6
2019-09-04,twitter,40,0.3706,27,6
2019-09-05,twitter,48,0.2729,29,10
2019-09-06,twitter,44,0.4913,33,4
2019-09-07,twitter,26,0.3162,15,4
2019-09-08,twitter,38,0.3419,23,6
2019-09-09,twitter,47,0.2633,26,9
2019-09-10,twitter,42,0.3085,27,7
2019-09-11,twitter,48,0.3149,29,5
2019-09-12,twitter,55,0.2234,31,10
2019-09-13,twitter,38,0.4012,25,4
2019-09-14,twitter,36,0.3393,23,5
2019-09-15,twitter,35,0.2831,22,7
2019-09-16,twitter,63,0.2701,37,12
2019-09-17,twitter,64,0.2775,38,13
2019-09-18,twitter,58,0.3158,35,10
2019-09-19,twitter,48,0.2507,26,8
2019-09-20,twitter,38,0.2952,23,8
2019-09-21,twitter,31,0.3085,19,5
2019-09-22,twitter,27,0.2998,17,7
2019-09-23,twitter,60,0.3262,42,6
2019-09-24,twitter,63,0.1313,30,19
2019-09-25,twitter,43,0.3201,27,7
2019-09-26,twitter,47,0.3173,30,6
2019-09-27,twitter,39,0.2784,24,8
2019-09-28,twitter,38,0.1221,17,11
2019-09-29,twitter,32,0.27,17,7
2019-09-30,twitter,59,0.1662,33,15
2019-10-01,twitter,47,0.2635,26,7
2019-10-02,twitter,44,0.2635,25,7
2019-10-03,twitter,49,0.1682,25,13
2019-10-04,twitter,45,0.2152,24,9
2019-10-05,twitter,35,0.3933,24,4
2019-10-06,twitter,40,0.266,24,6
2019-10-07,twitter,60,0.2951,37,10
2019-10-08,twitter,56,0.3115,34,8
2019-10-09,twitter,64,0.2579,41,13
2019-10-10,twitter,38,0.2349,20,8
2019-10-11,twitter,51,0.3763,32,7
2019-10-12,twitter,39,0.1705,24,9
2019-10-13,twitter,31,0.2427,19,6
2019-10-14,twitter,43,0.2645,26,8
2019-10-15,twitter,60,0.2015,29,13
2019-10-16,twitter,71,0.2203,39,12
2019-10-17,twitter,44,0.3686,30,6
2019-10-18,twitter,56,0.3569,39,6
2019-10-19,twitter,25,0.1789,14,7
2019-10-20,twitter,19,0.1989,9,4
2019-10-21,twitter,46,0.3099,27,8
2019-10-22,twitter,42,0.3695,29,4
2019-10-23,twitter,62,0.2052,32,12
2019-10-24,twitter,54,0.1548,28,13
2019-10-25,twitter,78,0.2568,42,12
2019-10-26,twitter,37,0.3012,23,8
2019-10-27,twitter,34,0.195,17,10
2019-10-28,twitter,59,0.357,41,8
2019-10-29,twitter,61,0.3259,36,9
2019-10-30,twitter,46,0.2292,26,8
2019-10-31,twitter,47,0.2376,26,6
2019-11-01,twitter,42,0.2414,25,11
2019-11-02,twitter,36,0.3059,24,7
2019-11-03,twitter,35,0.308,23,7
2019-11-04,twitter,32,0.5349,27,3
2019-11-05,twitter,47,0.3068,28,6
2019-11-06,twitter,55,0.2146,28,10
2019-11-07,twitter,41,0.2788,27,9
2019-11-08,twitter,52,0.2989,34,10
2019-11-09,twitter,41,0.3176,25,5
2019-11-10,twitter,46,0.2137,26,10
2019-11-11,twitter,51,0.2772,28,7
2019-11-12,twitter,45,0.3433,28,8
2019-11-13,twitter,45,0.2999,28,6
2019-11-14,twitter,52,0.3216,32,10
2019-11-15,twitter,21,0.3372,15,4
2019-11-16,twitter,24,0.3505,16,4
2019-11-17,twitter,25,0.3755,18,1
2019-11-18,twitter,52,0.2997,34,12
2019-11-19,twitter,50,0.2871,33,10
2019-11-20,twitter,49,0.355,33,7
2019-11-21,twitter,60,0.1626,30,14
2019-11-22,twitter,58,0.2715,33,10
2019-11-23,twitter,37,0.0927,13,9
2019-11-24,twitter,26,0.2511,14,5
2019-11-25,twitter,52,0.2629,32,10
2019-11-26,twitter,50,0.295,30,9
2019-11-27,twitter,57,0.2178,32,15
2019-11-28,twitter,48,0.423,35,4
2019-11-29,twitter,36,0.343,28,3
2019-11-30,twitter,33,0.3258,23,8
2019-12-01,twitter,37,0.1871,18,9
2019-12-02,twitter,47,0.2545,25,10
2019-12-03,twitter,48,0.1942,26,11
2019-12-04,twitter,48,0.2071,27,14
2019-12-05,twitter,47,0.3159,32,7
2019-12-06,twitter,54,0.2509,31,8
2019-12-07,twitter,43,0.1529,20,12
2019-12-08,twitter,33,0.354,23,2
2019-12-09,twitter,48,0.28,27,10
2019-12-10,twitter,44,0.1219,23,17
2019-12-11,twitter,31,0.2659,16,6
2019-12-12,twitter,60,0.2343,31,11
2019-12-13,twitter,32,0.3429,24,7
2019-12-14,twitter,37,0.1715,18,10
2019-12-15,twitter,39,0.3041,24,8
2019-12-16,twitter,45,0.2135,24,10
2019-12-17,twitter,67,0.1987,37,17
2019-12-18,twitter,57,0.345,41,9
2019-12-19,twitter,50,0.2954,30,10
2019-12-20,twitter,37,0.2652,22,5
2019-12-21,twitter,32,0.2552,20,3
2019-12-22,twitter,34,0.3703,25,5
2019-12-23,twitter,46,0.2291,26,11
2019-12-24,twitter,36,0.3833,24,7
2019-12-25,twitter,30,0.4453,21,3
2019-12-26,twitter,32,0.4013,19,4
2019-12-27,twitter,29,0.2082,16,6
2019-12-28,twitter,32,0.251,15,7
2019-12-29,twitter,29,0.3156,21,7
2019-12-30,twitter,50,0.1968,29,16
2019-12-31,twitter,32,0.3033,17,7
2020-01-01,twitter,47,0.3438,33,7
2020-01-02,twitter,36,0.1601,17,7
2020-01-03,twitter,43,0.242,25,8
2020-01-04,twitter,24,0.1517,11,6
2020-01-05,twitter,39,0.2307,25,7
2020-01-06,twitter,51,0.2787,35,11
2020-01-07,twitter,34,0.0969,16,9
2020-01-08,twitter,48,0.262,28,10
2020-01-09,twitter,49,0.2932,31,9
2020-01-10,twitter,49,0.3338,31,9
2020-01-11,twitter,36,0.2938,23,6
2020-01-12,twitter,45,0.2162,25,9
2020-01-13,twitter,50,0.3319,30,8
2020-01-14,twitter,63,0.2878,38,12
2020-01-15,twitter,49,0.2527,33,7
2020-01-16,twitter,52,0.2737,32,11
2020-01-17,twitter,38,0.1709,20,7
2020-01-18,twitter,35,0.2412,21,7
2020-01-19,twitter,46,0.2078,28,12
2020-01-20,twitter,63,0.283,33,9
2020-01-21,twitter,50,0.2398,29,8
2020-01-22,twitter,52,0.1639,28,13
2020-01-23,twitter,50,0.2947,29,9
2020-01-24,twitter,38,0.3392,25,6
2020-01-25,twitter,38,0.1997,18,9
2020-01-26,twitter,31,0.1901,18,7
2020-01-27,twitter,58,0.334,39,9
2020-01-28,twitter,58,0.1823,36,10
2020-01-29,twitter,43,0.2042,22,10
2020-01-30,twitter,57,0.2216,33,13
2020-01-31,twitter,24,0.2151,10,6
2020-02-01,twitter,40,0.1797,22,9
2020-02-02,twitter,53,0.3554,33,5
2020-02-03,twitter,53,0.2425,33,8
2020-02-04,twitter,68,0.2967,37,9
2020-02-05,twitter,74,0.2098,37,14
2020-02-06,twitter,61,0.2389,36,13
2020-02-07,twitter,64,0.244,36,10
2020-02-08,twitter,45,0.2656,25,7
2020-02-09,twitter,58,0.1661,31,15
2020-02-10,twitter,61,0.2392,33,11
2020-02-11,twitter,69,0.254,41,14
2020-02-12,twitter,71,0.1751,34,17
2020-02-13,twitter,65,0.2045,36,14
2020-02-14,twitter,63,0.2769,36,9
2020-02-15,twitter,55,0.2033,28,15
2020-02-16,twitter,46,0.1384,19,11
2020-02-17,twitter,61,0.2789,39,9
2020-02-18,twitter,51,0.367,34,6
2020-02-19,twitter,61,0.1465,29,14
2020-02-20,twitter,65,0.2154,35,6
2020-02-21,twitter,55,0.3388,36,7
2020-02-22,twitter,40,0.326,28,6
2020-02-23,twitter,43,0.1918,25,6
2020-02-24,twitter,46,0.2383,26,7
2020-02-25,twitter,51,0.2795,32,8
2020-02-26,twitter,67,0.2321,33,12
2020-02-27,twitter,49,0.1148,20,12
2020-02-28,twitter,46,0.2435,31,11
2020-02-29,twitter,41,0.1893,21,10
2020-03-01,twitter,50,0.2607,34,7
2020-03-02,twitter,52,0.1544,26,14
2020-03-03,twitter,73,0.175,39,19
2020-03-04,twitter,63,0.3054,41,12
2020-03-05,twitter,65,0.3675,47,7
2020-03-06,twitter,52,0.3868,35,5
2020-03-07,twitter,28,0.3247,19,6
2020-03-08,twitter,36,0.1369,19,10
2020-03-09,twitter,57,0.1044,28,17
2020-03-10,twitter,61,0.2817,37,10
2020-03-11,twitter,47,0.1116,20,12
2020-03-12,twitter,101,0.0261,40,37
2020-03-13,twitter,45,0.186,24,9
2020-03-14,twitter,40,0.0547,14,16
2020-03-15,twitter,35,0.1058,17,12
2020-03-16,twitter,48,0.0707,21,16
2020-03-17,twitter,38,0.2298,22,8
2020-03-18,twitter,48,0.2221,26,11
2020-03-19,twitter,45,0.1597,24,10
2020-03-20,twitter,35,0.2187,20,6
2020-03-21,twitter,28,0.2057,17,6
2020-03-22,twitter,41,0.3167,27,7
2020-03-23,twitter,54,0.266,32,9
2020-03-24,twitter,48,0.2433,29,11
2020-03-25,twitter,42,0.0613,19,17
2020-03-26,twitter,41,0.1494,19,11
2020-03-27,twitter,37,0.1467,21,10
2020-03-28,twitter,35,0.206,20,8
2020-03-29,twitter,32,0.2266,16,5
2020-03-30,twitter,34,0.3176,22,4
2020-03-31,twitter,36,0.2254,21,4
2020-04-01,twitter,36,0.0818,14,8
2020-04-02,twitter,52,0.3713,32,7
2020-04-03,twitter,37,0.167,20,9
2020-04-04,twitter,30,0.3034,18,4
2020-04-05,twitter,33,0.2255,20,10
2020-04-06,twitter,45,0.2316,23,9
2020-04-07,twitter,47,0.2562,29,12
2020-04-08,twitter,37,0.2418,16,7
2020-04-09,twitter,46,0.1767,24,9
2020-04-10,twitter,52,0.1409,27,15
2020-04-11,twitter,28,0.181,14,5
2020-04-12,twitter,31,0.2435,17,4
2020-04-13,twitter,42,0.2189,22,9
2020-04-14,twitter,32,0.3581,23,6
2020-04-15,twitter,32,0.2221,18,10
2020-04-16,twitter,58,0.2983,37,9
2020-04-17,twitter,31,0.205,15,6
2020-04-18,twitter,32,0.2068,17,7
2020-04-19,twitter,39,0.2857,23,6
2020-04-20,twitter,60,0.3656,38,6
2020-04-21,twitter,47,0.2467,30,9
2020-04-22,twitter,48,0.2168,23,8
2020-04-23,twitter,57,0.0912,20,15
2020-04-24,twitter,58,0.2141,32,11
2020-04-25,twitter,33,0.3331,22,6
2020-04-26,twitter,35,0.3257,23,4
2020-04-27,twitter,52,0.2985,30,6
2020-04-28,twitter,52,0.3279,34,6
2020-04-29,twitter,61,0.2726,36,8
2020-04-30,twitter,64,0.1962,32,13
2020-05-01,twitter,62,0.2358,34,15
2020-05-02,twitter,50,0.1856,22,13
2020-05-03,twitter,33,0.1797,16,7
2020-05-04,twitter,44,0.2357,27,7
2020-05-05,twitter,42,0.2048,22,8
2020-05-06,twitter,66,0.2521,41,13
2020-05-07,twitter,71,0.2811,40,10
2020-05-08,twitter,67,0.2657,37,16
2020-05-09,twitter,49,0.1998,24,14
2020-05-10,twitter,44,0.2431,24,9
2020-05-11,twitter,87,0.2775,56,15
2020-05-12,twitter,62,0.3172,40,11
2020-05-13,twitter,61,0.2864,35,12
2020-05-14,twitter,58,0.2928,36,8
2020-05-15,twitter,95,0.2879,59,21
2020-05-16,twitter,61,0.154,30,15
2020-05-17,twitter,56,0.2685,36,10
2020-05-18,twitter,47,0.2415,25,7
2020-05-19,twitter,60,0.2351,34,11
2020-05-20,twitter,61,0.2204,35,12
2020-05-21,twitter,45,0.2364,26,9
2020-05-22,twitter,65,0.2897,43,10
2020-05-23,twitter,28,0.2792,17,4
2020-05-24,twitter,35,0.2353,19,5
2020-05-25,twitter,68,0.309,48,11
2020-05-26,twitter,50,0.3669,34,6
2020-05-27,twitter,55,0.1158,26,20
2020-05-28,twitter,55,0.1311,23,11
2020-05-29,twitter,31,0.1802,15,3
2020-05-30,twitter,29,0.1133,12,7
2020-05-31,twitter,31,0.158,15,7
2020-06-01,twitter,61,0.2306,38,12
2020-06-02,twitter,45,0.1768,22,8
2020-06-03,twitter,41,0.2102,20,5
2020-06-04,twitter,42,0.1462,22,12
2020-06-05,twitter,41,0.1743,20,7
2020-06-06,twitter,34,0.2176,18,9
2020-06-07,twitter,33,0.3074,23,5
2020-06-08,twitter,42,0.2921,26,8
2020-06-09,twitter,53,0.3073,35,7
2020-06-10,twitter,53,0.2633,31,13
2020-06-11,twitter,48,0.2197,27,12
2020-06-12,twitter,48,0.303,31,6
2020-06-13,twitter,36,0.1148,16,10
2020-06-14,twitter,30,0.3341,21,5
2020-06-15,twitter,50,0.1745,26,13
2020-06-16,twitter,53,0.1217,22,15
2020-06-17,twitter,45,0.2937,27,6
2020-06-18,twitter,44,0.1917,23,11
2020-06-19,twitter,34,0.2832,19,4
2020-06-20,twitter,21,0.328,13,5
2020-06-21,twitter,38,0.3716,29,4
2020-06-22,twitter,62,0.2749,36,8
2020-06-23,twitter,54,0.1932,26,11
2020-06-24,twitter,55,0.2164,30,12
2020-06-25,twitter,31,0.3376,22,5
2020-06-26,twitter,54,0.2015,30,13
2020-06-27,twitter,29,0.1912,14,6
2020-06-28,twitter,42,0.1428,19,7
2020-06-29,twitter,55,0.1605,23,10
2020-06-30,twitter,40,0.2451,23,8
2020-07-01,twitter,59,0.4252,43,5
2020-07-02,twitter,44,0.2002,28,12
2020-07-03,twitter,46,0.2489,27,9
2020-07-04,twitter,24,0.2457,11,3
2020-07-05,twitter,43,0.0684,20,12
2020-07-06,twitter,48,0.2203,31,9
2020-07-07,twitter,45,0.3185,30,5
2020-07-08,twitter,58,0.2152,30,9
2020-07-09,twitter,40,0.2177,19,9
2020-07-10,twitter,53,0.2336,28,13
2020-07-11,twitter,33,0.2733,21,6
2020-07-12,twitter,42,0.2354,25,10
2020-07-13,twitter,56,0.3294,38,8
2020-07-14,twitter,50,0.3881,36,5
2020-07-15,twitter,310,-0.0118,120,130
2020-07-16,twitter,67,0.1347,39,19
2020-07-17,twitter,47,0.1718,23,13
2020-07-18,twitter,47,0.1729,24,15
2020-07-19,twitter,41,0.2168,23,7
2020-07-20,twitter,59,0.2321,32,13
2020-07-21,twitter,63,0.3114,37,8
2020-07-22,twitter,65,0.3025,36,7
2020-07-23,twitter,58,0.0549,25,17
2020-07-24,twitter,49,0.237,28,7
2020-07-25,twitter,64,0.2726,38,8
2020-07-26,twitter,59,0.2078,32,13
2020-07-27,twitter,97,0.2374,51,19
2020-07-28,twitter,59,0.2102,31,12
2020-07-29,twitter,71,0.2713,41,12
2020-07-30,twitter,59,0.4367,43,3
2020-07-31,twitter,52,0.2029,31,13
2020-08-01,twitter,87,0.1128,36,27
2020-08-02,twitter,51,0.2907,31,11
2020-08-03,twitter,55,0.3656,35,5
2020-08-04,twitter,79,0.2604,48,16
2020-08-05,twitter,62,0.1915,30,14
2020-08-06,twitter,60,0.1779,31,14
2020-08-07,twitter,58,0.2685,37,10
2020-08-08,twitter,59,0.2373,36,11
2020-08-09,twitter,58,0.1557,31,15
2020-08-10,twitter,67,0.2987,44,12
2020-08-11,twitter,74,0.1156,29,17
2020-08-12,twitter,63,0.275,36,9
2020-08-13,twitter,99,0.2694,64,18
2020-08-14,twitter,72,0.2033,39,13
2020-08-15,twitter,57,0.2176,34,14
2020-08-16,twitter,56,0.2169,29,10
2020-08-17,twitter,81,0.2242,43,15
2020-08-18,twitter,68,0.2128,35,15
2020-08-19,twitter,56,0.3041,35,12
2020-08-20,twitter,59,0.1366,27,14
2020-08-21,twitter,49,0.2852,31,10
2020-08-22,twitter,45,0.3121,29,7
2020-08-23,twitter,30,0.1836,13,6
2020-08-24,twitter,53,0.2675,31,7
2020-08-25,twitter,49,0.2276,26,12
2020-08-26,twitter,51,0.3529,35,4
2020-08-27,twitter,66,0.222,43,14
2020-08-28,twitter,49,0.161,25,11
2020-08-29,twitter,39,0.2031,20,9
2020-08-30,twitter,39,0.2308,24,9
2020-08-31,twitter,52,0.2247,27,11
2020-09-01,twitter,72,0.1855,37,13
2020-09-02,twitter,59,0.2834,36,11
2020-09-03,twitter,65,0.2804,40,15
2020-09-04,twitter,42,0.2272,25,8
2020-09-05,twitter,48,0.1907,23,8
2020-09-06,twitter,39,0.2332,24,9
2020-09-07,twitter,47,0.3099,28,6
2020-09-08,twitter,39,0.1397,15,11
2020-09-09,twitter,68,0.1972,36,15
2020-09-10,twitter,63,0.2084,34,15
2020-09-11,twitter,42,0.1905,24,9
2020-09-12,twitter,48,0.2614,26,7
2020-09-13,twitter,28,0.3099,16,3
2020-09-14,twitter,47,0.301,29,5
2020-09-15,twitter,77,0.3138,48,10
2020-09-16,twitter,72,0.2164,39,19
2020-09-17,twitter,69,0.2607,40,16
2020-09-18,twitter,57,0.2577,32,13
2020-09-19,twitter,45,0.2551,24,9
2020-09-20,twitter,40,0.2429,25,9
2020-09-21,twitter,55,0.1934,27,11
2020-09-22,twitter,49,0.2744,31,8
2020-09-23,twitter,61,0.2932,39,9
2020-09-24,twitter,46,0.271,27,9
2020-09-25,twitter,38,0.1895,17,5
2020-09-26,twitter,29,0.2137,16,8
2020-09-27,twitter,28,0.2333,14,6
2020-09-28,twitter,62,0.2565,37,17
2020-09-29,twitter,49,0.2385,25,9
2020-09-30,twitter,58,0.3163,38,8
2020-10-01,twitter,51,0.1011,22,13
2020-10-02,twitter,47,0.2318,29,11
2020-10-03,twitter,57,0.2375,29,13
2020-10-04,twitter,44,0.291,29,5
2020-10-05,twitter,56,0.2474,33,9
2020-10-06,twitter,51,0.2131,30,12
2020-10-07,twitter,42,0.2356,19,7
2020-10-08,twitter,76,0.1167,34,17
2020-10-09,twitter,61,0.3186,42,8
2020-10-10,twitter,34,0.1879,18,7
2020-10-11,twitter,48,0.3418,31,11
2020-10-12,twitter,55,0.2384,31,11
2020-10-13,twitter,75,0.2226,40,19
2020-10-14,twitter,72,0.2598,44,13
2020-10-15,twitter,53,0.3018,33,11
2020-10-16,twitter,54,0.1062,28,13
2020-10-17,twitter,40,0.2599,24,9
2020-10-18,twitter,52,0.2231,26,11
2020-10-19,twitter,56,0.2819,36,9
2020-10-20,twitter,75,0.2318,43,16
2020-10-21,twitter,101,0.2433,61,15
2020-10-22,twitter,66,0.1442,32,20
2020-10-23,twitter,44,0.2366,24,8
2020-10-24,twitter,48,0.2179,25,8
2020-10-25,twitter,43,0.2037,23,8
2020-10-26,twitter,55,0.1963,31,11
2020-10-27,twitter,110,0.2304,60,18
2020-10-28,twitter,75,0.2262,41,18
2020-10-29,twitter,56,0.1906,29,14
2020-10-30,twitter,56,0.2726,34,11
2020-10-31,twitter,58,0.3065,36,8
2020-11-01,twitter,43,0.1917,22,11
2020-11-02,twitter,42,0.3129,29,6
2020-11-03,twitter,71,0.2327,39,15
2020-11-04,twitter,75,0.1828,42,17
2020-11-05,twitter,97,0.1553,48,19
2020-11-06,twitter,40,0.2845,24,6
2020-11-07,twitter,52,0.1537,26,14
2020-11-08,twitter,52,0.1863,30,12
2020-11-09,twitter,56,0.1505,24,12
2020-11-10,twitter,58,0.269,35,9
2020-11-11,twitter,54,0.2004,25,12
2020-11-12,twitter,72,0.1589,35,19
2020-11-13,twitter,72,0.3134,40,9
2020-11-14,twitter,42,0.2791,26,7
2020-11-15,twitter,55,0.1127,28,16
2020-11-16,twitter,86,0.1589,46,19
2020-11-17,twitter,134,0.2575,82,25
2020-11-18,twitter,89,0.3212,58,13
2020-11-19,twitter,79,0.252,46,13
2020-11-20,twitter,100,0.3085,59,12
2020-11-21,twitter,88,0.2442,47,15
2020-11-22,twitter,68,0.2282,35,13
2020-11-23,twitter,122,0.2159,67,21
2020-11-24,twitter,108,0.2184,56,27
2020-11-25,twitter,86,0.1284,41,27
2020-11-26,twitter,63,0.293,38,10
2020-11-27,twitter,63,0.277,38,11
2020-11-28,twitter,73,0.2273,42,14
2020-11-29,twitter,48,0.2882,29,6
2020-11-30,twitter,118,0.1933,63,28
2020-12-01,twitter,84,0.2488,48,16
2020-12-02,twitter,78,0.2173,45,18
2020-12-03,twitter,70,0.187,32,15
2020-12-04,twitter,79,0.1509,39,21
2020-12-05,twitter,49,0.2788,26,8
2020-12-06,twitter,58,0.3951,39,6
2020-12-07,twitter,86,0.2647,55,14
2020-12-08,twitter,68,0.2303,42,11
2020-12-09,twitter,63,0.2094,33,14
2020-12-10,twitter,70,0.2323,42,17
2020-12-11,twitter,67,0.2515,39,13
2020-12-12,twitter,49,0.3696,31,6
2020-12-13,twitter,64,0.1994,31,15
2020-12-14,twitter,79,0.3006,47,12
2020-12-15,twitter,81,0.19,46,19
2020-12-16,twitter,194,0.1985,112,36
2020-12-17,twitter,160,0.1935,79,31
2020-12-18,twitter,109,0.191,58,21
2020-12-19,twitter,75,0.2567,41,10
2020-12-20,twitter,97,0.2486,57,19
2020-12-21,twitter,99,0.161,53,23
2020-12-22,twitter,100,0.1956,55,26
2020-12-23,twitter,113,0.1892,62,25
2020-12-24,twitter,68,0.2586,40,17
2020-12-25,twitter,79,0.3136,49,17
2020-12-26,twitter,119,0.209,63,18
2020-12-27,twitter,129,0.205,67,31
2020-12-28,twitter,113,0.1724,57,28
2020-12-29,twitter,140,0.1392,72,33
2020-12-30,twitter,127,0.2122,70,27
2020-12-31,twitter,108,0.3272,72,17
2021-01-01,twitter,2959,0.2248,1626,558
2021-01-02,twitter,7568,0.1592,3628,1605
2021-01-03,twitter,6815,0.1923,3543,1365
2021-01-04,twitter,5000,0.1891,2593,1037
2021-01-05,twitter,4327,0.1951,2224,818
2021-01-06,twitter,5109,0.162,2470,1054
2021-01-07,twitter,7316,0.1582,3454,1574
2021-01-08,twitter,6285,0.1709,3099,1347
2021-01-09,twitter,4611,0.1836,2337,955
2021-01-10,twitter,4365,0.162,2128,975
2021-01-11,twitter,6542,0.1247,3017,1687
2021-01-12,twitter,4510,0.154,2257,1082
2021-01-13,twitter,5021,0.1503,2470,1196
2021-01-14,twitter,5500,0.1606,2734,1305
2021-01-15,twitter,4414,0.1607,2200,1054
2021-01-16,twitter,3166,0.1704,1579,722
2021-01-17,twitter,2897,0.1639,1458,699
2021-01-18,twitter,3498,0.1854,1821,757
2021-01-19,twitter,3752,0.1617,1901,867
2021-01-20,twitter,3170,0.1829,1626,668
2021-01-21,twitter,4508,0.1244,2106,1166
2021-01-22,twitter,4492,0.1408,2151,1126
2021-01-23,twitter,2799,0.1777,1406,631
2021-01-24,twitter,2561,0.1829,1322,579
2021-01-25,twitter,3449,0.1758,1767,765
2021-01-26,twitter,3079,0.1824,1584,633
2021-01-27,twitter,3720,0.1688,1855,849
2021-01-28,twitter,5813,0.14,2728,1339
2021-01-29,twitter,8751,0.1679,4237,1801
2021-01-30,twitter,4475,0.1881,2313,957
2021-01-31,twitter,3428,0.1653,1731,783
2021-02-01,twitter,4240,0.2107,2280,806
2021-02-02,twitter,3724,0.2051,1968,703
2021-02-03,twitter,4101,0.1952,2074,758
2021-02-04,twitter,3987,0.2011,2057,776
2021-02-05,twitter,5347,0.1303,2590,1437
2021-02-06,twitter,5225,0.1659,2580,1117
2021-02-07,twitter,4275,0.1889,2187,839
2021-02-08,twitter,11970,0.1828,6205,2255
2021-02-09,twitter,8992,0.1834,4570,1753
2021-02-10,twitter,6767,0.1692,3378,1485
2021-02-11,twitter,6424,0.1716,3205,1393
2021-02-12,twitter,5950,0.1821,3055,1214
2021-02-13,twitter,4766,0.1778,2437,1017
2021-02-14,twitter,4955,0.1855,2511,1021
2021-02-15,twitter,4694,0.187,2473,980
2021-02-16,twitter,6152,0.1816,3097,1208
2021-02-17,twitter,6587,0.1675,3245,1383
2021-02-18,twitter,5514,0.1768,2833,1168
2021-02-19,twitter,7699,0.1732,3829,1554
2021-02-20,twitter,6585,0.193,3378,1273
2021-02-21,twitter,5757,0.1778,2923,1256
2021-02-22,twitter,6233,0.1604,3114,1448
2021-02-23,twitter,7086,0.1439,3419,1774
2021-02-24,twitter,5569,0.1605,2723,1200
2021-02-25,twitter,4816,0.1712,2352,1061
2021-02-26,twitter,4409,0.1571,2150,981
2021-02-27,twitter,3520,0.1703,1763,810
2021-02-28,twitter,4310,0.1619,2150,1012
2021-03-01,twitter,4611,0.1798,2307,968
2021-03-02,twitter,4121,0.1886,2123,841
2021-03-03,twitter,4194,0.1981,2175,848
2021-03-04,twitter,3637,0.1752,1856,751
2021-03-05,twitter,3401,0.1676,1684,726
2021-03-06,twitter,2926,0.1718,1463,609
2021-03-07,twitter,3008,0.1809,1528,621
2021-03-08,twitter,3446,0.1922,1786,667
2021-03-09,twitter,4456,0.1847,2269,899
2021-03-10,twitter,4681,0.1675,2374,1057
2021-03-11,twitter,4106,0.1805,2104,896
2021-03-12,twitter,4502,0.1794,2287,973
2021-03-13,twitter,5713,0.1764,2786,1135
2021-03-14,twitter,4071,0.1932,2137,881
2021-03-15,twitter,4313,0.1486,2086,1054
2021-03-16,twitter,3950,0.1739,1997,833
2021-03-17,twitter,4579,0.2072,2425,884
2021-03-18,twitter,4318,0.1951,2207,806
2021-03-19,twitter,3924,0.2123,2130,768
2021-03-20,twitter,3045,0.2012,1618,628
2021-03-21,twitter,3079,0.1788,1570,711
2021-03-22,twitter,3597,0.1727,1776,789
2021-03-23,twitter,3567,0.1889,1873,749
2021-03-24,twitter,6564,0.1908,3353,1260
2021-03-25,twitter,4965,0.185,2531,1041
2021-03-26,twitter,3703,0.2088,1971,716
2021-03-27,twitter,3242,0.2106,1725,610
2021-03-28,twitter,2926,0.198,1556,626
2021-03-29,twitter,3562,0.1947,1840,701
2021-03-30,twitter,4037,0.2144,2151,749
2021-03-31,twitter,4223,0.1947,2171,873
2021-04-01,twitter,4023,0.2129,2133,777
2021-04-02,twitter,3375,0.2238,1845,601
2021-04-03,twitter,2967,0.2165,1615,592
2021-04-04,twitter,1991,0.2393,1089,339
2021-04-05,twitter,1942,0.2179,1039,329
2021-04-06,twitter,3965,0.2136,2071,726
2021-04-07,twitter,4093,0.181,2088,904
2021-04-08,twitter,3970,0.1858,2039,845
2021-04-09,twitter,3672,0.1916,1895,748
2021-04-10,twitter,3782,0.1778,1854,781
2021-04-11,twitter,3220,0.2002,1671,639
2021-04-12,twitter,3830,0.1936,1974,741
2021-04-13,twitter,5353,0.1708,2565,1042
2021-04-14,twitter,5662,0.1911,2890,1112
2021-04-15,twitter,4777,0.1859,2506,1065
2021-04-16,twitter,5505,0.1782,2850,1281
2021-04-17,twitter,3347,0.2057,1800,690
2021-04-18,twitter,5249,0.1479,2518,1323
2021-04-19,twitter,4475,0.1737,2248,987
2021-04-20,twitter,4244,0.1888,2179,910
2021-04-21,twitter,4126,0.1746,2089,906
2021-04-22,twitter,4942,0.1668,2501,1196
2021-04-23,twitter,5973,0.1395,2842,1534
2021-04-24,twitter,3618,0.1656,1823,880
2021-04-25,twitter,3176,0.1825,1663,747
2021-04-26,twitter,4739,0.1842,2414,1002
2021-04-27,twitter,4424,0.2265,2434,802
2021-04-28,twitter,4109,0.209,2211,792
2021-04-29,twitter,4022,0.1947,2153,833
2021-04-30,twitter,3894,0.2169,2128,758
2021-05-01,twitter,3645,0.195,1910,798
2021-05-02,twitter,3376,0.196,1774,780
2021-05-03,twitter,3872,0.1986,2066,809
2021-05-04,twitter,4222,0.1983,2224,863
2021-05-05,twitter,4354,0.2141,2321,813
2021-05-06,twitter,3911,0.2103,2067,731
2021-05-07,twitter,4006,0.2193,2206,732
2021-05-08,twitter,3606,0.1882,1859,782
2021-05-09,twitter,3420,0.1923,1784,766
2021-05-10,twitter,4141,0.1999,2153,828
2021-05-11,twitter,3863,0.1942,2032,808
2021-05-12,twitter,5962,0.1447,2911,1501
2021-05-13,twitter,14267,0.1151,6901,4212
2021-05-14,twitter,6282,0.1461,3156,1680
2021-05-15,twitter,4518,0.1675,2325,1090
2021-05-16,twitter,8410,0.1272,4159,2477
2021-05-17,twitter,9794,0.1325,4814,2695
2021-05-18,twitter,6459,0.1572,3300,1598
2021-05-19,twitter,15701,0.1118,7257,4251
2021-05-20,twitter,9050,0.1489,4432,2332
2021-05-21,twitter,8392,0.1589,4266,2144
2021-05-22,twitter,6792,0.1874,3572,1604
2021-05-23,twitter,7071,0.1362,3405,1862
2021-05-24,twitter,7138,0.1549,3507,1751
2021-05-25,twitter,5870,0.1739,3019,1396
2021-05-26,twitter,5112,0.171,2560,1167
2021-05-27,twitter,4543,0.2017,2422,968
2021-05-28,twitter,5177,0.186,2692,1185
2021-05-29,twitter,4146,0.1748,2131,995
2021-05-30,twitter,3819,0.1719,1913,911
2021-05-31,twitter,3821,0.1895,1988,854
2021-06-01,twitter,3984,0.2054,2121,824
2021-06-02,twitter,3764,0.2008,1997,771
2021-06-03,twitter,3688,0.2065,1918,709
2021-06-04,twitter,7327,0.1418,3604,1978
2021-06-05,twitter,6648,0.1649,3396,1633
2021-06-06,twitter,7055,0.1978,3893,1587
2021-06-07,twitter,7093,0.1737,3679,1731
2021-06-08,twitter,8012,0.1225,3796,2251
2021-06-09,twitter,10177,0.2019,5712,2106
2021-06-10,twitter,8336,0.1844,4417,2035
2021-06-11,twitter,5920,0.185,3117,1356
2021-06-12,twitter,4345,0.204,2312,919
2021-06-13,twitter,4961,0.2167,2703,1029
2021-06-14,twitter,6206,0.2052,3332,1261
2021-06-15,twitter,4665,0.1928,2435,940
2021-06-16,twitter,4504,0.22,2472,909
2021-06-17,twitter,4715,0.2017,2484,1050
2021-06-18,twitter,4391,0.1999,2315,944
2021-06-19,twitter,3814,0.2199,2079,854
2021-06-20,twitter,4082,0.2019,2169,940
2021-06-21,twitter,7356,0.1565,3612,1864
2021-06-22,twitter,8440,0.1433,3974,2095
2021-06-23,twitter,5691,0.1862,2915,1265
2021-06-24,twitter,4397,0.206,2368,920
2021-06-25,twitter,5257,0.1883,2798,1181
2021-06-26,twitter,3824,0.1776,1945,910
2021-06-27,twitter,3594,0.1716,1808,836
2021-06-28,twitter,4542,0.217,2511,967
2021-06-29,twitter,4420,0.2104,2393,945
2021-06-30,twitter,3908,0.1887,2025,847
2021-07-01,twitter,3803,0.1918,1980,828
2021-07-02,twitter,4085,0.1968,2119,864
2021-07-03,twitter,3785,0.2349,2120,796
2021-07-04,twitter,3481,0.2464,1935,641
2021-07-05,twitter,4034,0.2326,2247,821
2021-07-06,twitter,3494,0.2006,1865,816
2021-07-07,twitter,3554,0.2475,2018,666
2021-07-08,twitter,3686,0.2203,1963,784
2021-07-09,twitter,3458,0.1981,1780,758
2021-07-10,twitter,2748,0.176,1363,631
2021-07-11,twitter,2668,0.208,1404,569
2021-07-12,twitter,3888,0.2883,2283,666
2021-07-13,twitter,4136,0.2804,2412,721
2021-07-14,twitter,3847,0.2049,2029,828
2021-07-15,twitter,3692,0.1821,1926,825
2021-07-16,twitter,3560,0.1684,1790,798
2021-07-17,twitter,3350,0.2021,1755,714
2021-07-18,twitter,3762,0.2547,2094,773
2021-07-19,twitter,4450,0.2046,2353,1025
2021-07-20,twitter,5363,0.1641,2602,1255
2021-07-21,twitter,6447,0.2232,3494,1182
2021-07-22,twitter,5236,0.2488,2954,910
2021-07-23,twitter,6043,0.2504,3314,1078
2021-07-24,twitter,4430,0.2482,2458,774
2021-07-25,twitter,3872,0.2341,2136,762
2021-07-26,twitter,7665,0.1889,3902,1477
2021-07-27,twitter,4804,0.2063,2607,979
2021-07-28,twitter,5036,0.1999,2610,968
2021-07-29,twitter,4558,0.2413,2458,792
2021-07-30,twitter,5305,0.2183,2788,937
2021-07-31,twitter,2933,0.1867,1471,559
2021-08-01,twitter,2745,0.2063,1434,545
2021-08-02,twitter,3459,0.2148,1835,669
2021-08-03,twitter,3048,0.2169,1608,562
2021-08-04,twitter,2991,0.1915,1522,610
2021-08-05,twitter,3882,0.2128,2023,771
2021-08-06,twitter,4272,0.2214,2226,814
2021-08-07,twitter,3937,0.2318,2099,727
2021-08-08,twitter,4643,0.2493,2592,836
2021-08-09,twitter,6481,0.2738,3756,1154
2021-08-10,twitter,3713,0.2383,2053,685
2021-08-11,twitter,3420,0.2437,1858,621
2021-08-12,twitter,3250,0.2285,1769,594
2021-08-13,twitter,3420,0.2062,1803,651
2021-08-14,twitter,3268,0.2448,1792,657
2021-08-15,twitter,4251,0.2662,2444,792
2021-08-16,twitter,4405,0.2764,2565,704
2021-08-17,twitter,4870,0.2784,2857,811
2021-08-18,twitter,5108,0.2982,3049,849
2021-08-19,twitter,4732,0.2518,2654,849
2021-08-20,twitter,5356,0.2518,2952,907
2021-08-21,twitter,2893,0.2292,1531,544
2021-08-22,twitter,2405,0.2215,1269,472
2021-08-23,twitter,4491,0.2181,2356,762
2021-08-24,twitter,4254,0.2251,2239,766
2021-08-25,twitter,5462,0.2995,3272,865
2021-08-26,twitter,5106,0.2799,2929,846
2021-08-27,twitter,3312,0.2274,1747,632
2021-08-28,twitter,2633,0.2517,1453,450
2021-08-29,twitter,2918,0.2475,1603,561
2021-08-30,twitter,3202,0.2599,1803,616
2021-08-31,twitter,3043,0.2279,1676,607
2021-09-01,twitter,3430,0.2148,1842,685
2021-09-02,twitter,3893,0.2232,2065,698
2021-09-03,twitter,3688,0.2157,1927,692
2021-09-04,twitter,2901,0.2215,1541,574
2021-09-05,twitter,3188,0.2188,1684,635
2021-09-06,twitter,3746,0.2348,2025,630
2021-09-07,twitter,7057,0.1736,3657,1554
2021-09-08,twitter,5013,0.1594,2499,1173
2021-09-09,twitter,3986,0.1903,2078,862
2021-09-10,twitter,4707,0.211,2573,992
2021-09-11,twitter,3090,0.1932,1624,684
2021-09-12,twitter,2716,0.2363,1530,530
2021-09-13,twitter,3566,0.2216,1927,719
2021-09-14,twitter,3620,0.2111,1927,724
2021-09-15,twitter,3609,0.1899,1881,763
2021-09-16,twitter,3643,0.2174,1958,748
2021-09-17,twitter,3394,0.2157,1875,710
2021-09-18,twitter,2969,0.2166,1603,601
2021-09-19,twitter,2635,0.2145,1409,560
2021-09-20,twitter,4243,0.1551,2059,1043
2021-09-21,twitter,4176,0.1861,2169,948
2021-09-22,twitter,3720,0.2167,2016,773
2021-09-23,twitter,4029,0.2114,2129,803
2021-09-24,twitter,5760,0.1285,2693,1657
2021-09-25,twitter,3413,0.1892,1762,853
2021-09-26,twitter,3147,0.2427,1735,646
2021-09-27,twitter,3639,0.2162,1910,776
2021-09-28,twitter,3824,0.2057,2038,871
2021-09-29,twitter,3770,0.2001,1996,790
2021-09-30,twitter,3672,0.2111,1944,729
2021-10-01,twitter,4579,0.1855,2319,906
2021-10-02,twitter,3163,0.2178,1712,648
2021-10-03,twitter,3035,0.2277,1621,589
2021-10-04,twitter,4333,0.187,2142,867
2021-10-05,twitter,4664,0.1979,2396,877
2021-10-06,twitter,5766,0.1879,2875,1061
2021-10-07,twitter,4464,0.2217,2409,848
2021-10-08,twitter,3805,0.2162,2015,709
2021-10-09,twitter,3183,0.2267,1749,634
2021-10-10,twitter,2957,0.2236,1614,554
2021-10-11,twitter,4833,0.1868,2427,1008
2021-10-12,twitter,4415,0.1892,2252,955
2021-10-13,twitter,4141,0.2141,2201,864
2021-10-14,twitter,4322,0.2081,2265,821
2021-10-15,twitter,7022,0.2009,3570,1286
2021-10-16,twitter,4306,0.235,2331,776
2021-10-17,twitter,4125,0.2382,2312,743
2021-10-18,twitter,5573,0.2155,2921,1013
2021-10-19,twitter,9014,0.2312,4682,1462
2021-10-20,twitter,10527,0.2143,5313,1716
2021-10-21,twitter,7775,0.2245,4149,1432
2021-10-22,twitter,7131,0.2731,4037,1106
2021-10-23,twitter,5663,0.2695,3211,898
2021-10-24,twitter,3574,0.2424,1980,655
2021-10-25,twitter,4317,0.2232,2318,822
2021-10-26,twitter,4958,0.2206,2679,886
2021-10-27,twitter,5413,0.1707,2745,1263
2021-10-28,twitter,5569,0.2265,3025,1043
2021-10-29,twitter,4869,0.2584,2744,815
2021-10-30,twitter,3082,0.2443,1704,532
2021-10-31,twitter,3361,0.2496,1888,588
2021-11-01,twitter,4069,0.2198,2162,729
2021-11-02,twitter,4561,0.2237,2449,823
2021-11-03,twitter,4228,0.228,2272,725
2021-11-04,twitter,4920,0.2407,2718,894
2021-11-05,twitter,5407,0.2577,3062,942
2021-11-06,twitter,5210,0.292,3091,812
2021-11-07,twitter,3291,0.2385,1799,588
2021-11-08,twitter,5067,0.2046,2521,905
2021-11-09,twitter,5749,0.2074,2954,996
2021-11-10,twitter,5379,0.1775,2704,1173
2021-11-11,twitter,4978,0.2204,2710,959
2021-11-12,twitter,5921,0.2291,3222,1201
2021-11-13,twitter,3916,0.1969,2061,843
2021-11-14,twitter,4054,0.2194,2163,830
2021-11-15,twitter,4467,0.2236,2402,836
2021-11-16,twitter,5360,0.1843,2669,1150
2021-11-17,twitter,4705,0.1949,2421,967
2021-11-18,twitter,6741,0.2146,3569,1379
2021-11-19,twitter,7248,0.221,3908,1470
2021-11-20,twitter,3677,0.2083,1906,741
2021-11-21,twitter,3787,0.2104,1959,750
2021-11-22,twitter,4488,0.1966,2294,900
2021-11-23,twitter,4551,0.1988,2354,931
2021-11-24,twitter,4563,0.2081,2430,978
2021-11-25,twitter,5272,0.3174,3275,816
2021-11-26,twitter,7542,0.2438,4123,1502
2021-11-27,twitter,3471,0.2111,1838,743
2021-11-28,twitter,3594,0.2026,1876,786
2021-11-29,twitter,4398,0.1942,2219,916
2021-11-30,twitter,4138,0.191,2106,864
2021-12-01,twitter,4250,0.1994,2190,894
2021-12-02,twitter,3877,0.1987,2015,860
2021-12-03,twitter,4687,0.2253,2538,930
2021-12-04,twitter,6703,0.1644,3240,1565
2021-12-05,twitter,3917,0.2083,2032,898
2021-12-06,twitter,4977,0.1973,2580,1107
2021-12-07,twitter,4184,0.1607,2073,956
2021-12-08,twitter,3819,0.1622,1883,874
2021-12-09,twitter,4005,0.1504,1941,923
2021-12-10,twitter,3942,0.134,1848,985
2021-12-11,twitter,3344,0.1556,1633,778
2021-12-12,twitter,2829,0.1513,1388,668
2021-12-13,twitter,3866,0.133,1812,943
2021-12-14,twitter,3965,0.1464,1907,948
2021-12-15,twitter,3733,0.1419,1770,853
2021-12-16,twitter,3308,0.1678,1622,694
2021-12-17,twitter,4520,0.202,2410,953
2021-12-18,twitter,2870,0.131,1370,736
2021-12-19,twitter,2637,0.1401,1256,609
2021-12-20,twitter,3512,0.1602,1704,775
2021-12-21,twitter,4234,0.1598,2037,908
2021-12-22,twitter,3839,0.165,1917,833
2021-12-23,twitter,4057,0.1629,1973,898
2021-12-24,twitter,2954,0.1982,1518,596
2021-12-25,twitter,2214,0.2183,1168,436
2021-12-26,twitter,2277,0.1757,1165,498
2021-12-27,twitter,3180,0.1556,1517,683
2021-12-28,twitter,3675,0.1221,1681,922
2021-12-29,twitter,3856,0.1561,1909,901
2021-12-30,twitter,4771,0.1886,2447,999
2021-12-31,twitter,3267,0.1853,1672,684
2022-01-01,twitter,2498,0.1839,1253,518
2022-01-02,twitter,2948,0.1464,1471,738
2022-01-03,twitter,3956,0.1834,2046,865
2022-01-04,twitter,3869,0.1679,1978,841
2022-01-05,twitter,4356,0.1341,2060,1080
2022-01-06,twitter,4991,0.1191,2281,1273
2022-01-07,twitter,4951,0.125,2332,1322
2022-01-08,twitter,3793,0.1016,1732,1073
2022-01-09,twitter,3327,0.133,1587,827
2022-01-10,twitter,4432,0.1224,2065,1136
2022-01-11,twitter,4510,0.1681,2239,999
2022-01-12,twitter,5988,0.2235,3270,1160
2022-01-13,twitter,5772,0.2465,3265,1006
2022-01-14,twitter,5213,0.213,2801,1025
2022-01-15,twitter,2867,0.1537,1424,639
2022-01-16,twitter,2783,0.1542,1386,646
2022-01-17,twitter,3187,0.1514,1564,734
2022-01-18,twitter,3796,0.1593,1897,865
2022-01-19,twitter,4089,0.1476,1988,979
2022-01-20,twitter,6011,0.1741,3110,1362
2022-01-21,twitter,9503,0.1144,4310,2645
2022-01-22,twitter,10286,0.1635,5067,2424
2022-01-23,twitter,4297,0.1068,1930,1224
2022-01-24,twitter,5967,0.1151,2761,1633
2022-01-25,twitter,4775,0.1231,2253,1204
2022-01-26,twitter,4682,0.1309,2200,1171
2022-01-27,twitter,4105,0.1289,1915,997
2022-01-28,twitter,4264,0.1444,2088,1002
2022-01-29,twitter,3337,0.1502,1631,821
2022-01-30,twitter,3015,0.1369,1441,768
2022-01-31,twitter,3519,0.129,1639,872
2022-02-01,twitter,4343,0.1493,2085,1021
2022-02-02,twitter,4087,0.1301,1913,1078
2022-02-03,twitter,3797,0.1292,1775,961
2022-02-04,twitter,4307,0.1545,2083,926
2022-02-05,twitter,4115,0.1524,1986,906
2022-02-06,twitter,3331,0.1453,1588,778
2022-02-07,twitter,4657,0.1625,2272,985
2022-02-08,twitter,4746,0.129,2289,1128
2022-02-09,twitter,5868,0.1721,2977,1390
2022-02-10,twitter,4759,0.1278,2190,1198
2022-02-11,twitter,4248,0.1228,1952,1117
2022-02-12,twitter,3362,0.1258,1555,866
2022-02-13,twitter,3323,0.1445,1543,800
2022-02-14,twitter,4745,0.1516,2269,1117
2022-02-15,twitter,5659,0.1539,2798,1377
2022-02-16,twitter,4408,0.1416,2131,1092
2022-02-17,twitter,6098,0.1345,2928,1597
2022-02-18,twitter,5484,0.1419,2620,1447
2022-02-19,twitter,3388,0.1321,1633,885
2022-02-20,twitter,3813,0.128,1852,1001
2022-02-21,twitter,4218,0.1271,1990,1077
2022-02-22,twitter,4472,0.1043,2011,1284
2022-02-23,twitter,4066,0.1218,1952,1027
2022-02-24,twitter,5682,0.0571,2397,1845
2022-02-25,twitter,2493,0.1054,1151,704
2022-02-26,twitter,3321,0.0932,1432,960
2022-02-27,twitter,3427,0.093,1566,974
2022-02-28,twitter,4698,0.0956,2039,1267
2022-03-01,twitter,5002,0.1147,2260,1297
2022-03-02,twitter,4556,0.1298,2098,1173
2022-03-03,twitter,3848,0.1252,1804,1000
2022-03-04,twitter,3814,0.1059,1737,1080
2022-03-05,twitter,2779,0.1243,1291,702
2022-03-06,twitter,3239,0.141,1533,853
2022-03-07,twitter,5147,0.1486,2450,1222
2022-03-08,twitter,3909,0.1298,1806,969
2022-03-09,twitter,5442,0.1709,2756,1207
2022-03-10,twitter,5793,0.1901,3030,1256
2022-03-11,twitter,3746,0.1333,1772,931
2022-03-12,twitter,3020,0.1345,1453,783
2022-03-13,twitter,2946,0.1247,1378,799
2022-03-14,twitter,4310,0.1045,1942,1210
2022-03-15,twitter,5680,0.1797,2848,1237
2022-03-16,twitter,6317,0.2042,3366,1307
2022-03-17,twitter,4826,0.1878,2497,1019
2022-03-18,twitter,4347,0.1743,2153,947
2022-03-19,twitter,3882,0.2242,2138,776
2022-03-20,twitter,3937,0.2012,2073,845
2022-03-21,twitter,4917,0.2043,2622,991
2022-03-22,twitter,3684,0.1421,1759,814
2022-03-23,twitter,5206,0.2043,2785,1000
2022-03-24,twitter,6989,0.2162,3681,1314
2022-03-25,twitter,4154,0.1605,2056,918
2022-03-26,twitter,2875,0.1504,1381,642
2022-03-27,twitter,3471,0.1463,1619,783
2022-03-28,twitter,4228,0.1415,1958,920
2022-03-29,twitter,4641,0.1427,2273,1138
2022-03-30,twitter,4302,0.1482,2101,1013
2022-03-31,twitter,3471,0.1408,1674,860
2022-04-01,twitter,4107,0.1421,1972,962
2022-04-02,twitter,3132,0.1576,1523,704
2022-04-03,twitter,2807,0.1711,1406,607
2022-04-04,twitter,3738,0.1731,1856,774
2022-04-05,twitter,4106,0.1662,2002,825
2022-04-06,twitter,4534,0.1469,2083,986
2022-04-07,twitter,4872,0.1766,2446,994
2022-04-08,twitter,5110,0.1537,2487,1190
2022-04-09,twitter,3588,0.1687,1777,798
2022-04-10,twitter,3360,0.1759,1715,756
2022-04-11,twitter,4829,0.1316,2204,1170
2022-04-12,twitter,4593,0.1315,2177,1142
2022-04-13,twitter,5110,0.1958,2664,1080
2022-04-14,twitter,5228,0.2219,2842,1007
2022-04-15,twitter,5526,0.2357,3030,1051
2022-04-16,twitter,5042,0.2669,2892,914
2022-04-17,twitter,3171,0.1727,1588,727
2022-04-18,twitter,6348,0.2235,3392,1273
2022-04-19,twitter,6474,0.2468,3640,1184
2022-04-20,twitter,4167,0.1756,2121,916
2022-04-21,twitter,5207,0.2107,2741,1027
2022-04-22,twitter,5935,0.2151,3185,1210
2022-04-23,twitter,2961,0.1545,1446,712
2022-04-24,twitter,3046,0.1669,1579,716
2022-04-25,twitter,4076,0.1477,1989,958
2022-04-26,twitter,4506,0.1605,2211,934
2022-04-27,twitter,4750,0.1623,2416,1046
2022-04-28,twitter,5788,0.1986,3104,1178
2022-04-29,twitter,5433,0.1844,2768,1191
2022-04-30,twitter,5247,0.2255,2928,1088
2022-05-01,twitter,6198,0.2105,3396,1381
2022-05-02,twitter,5871,0.2086,3105,1218
2022-05-03,twitter,3456,0.1415,1688,864
2022-05-04,twitter,4034,0.1609,1960,930
2022-05-05,twitter,4741,0.1396,2272,1177
2022-05-06,twitter,4466,0.1299,2107,1132
2022-05-07,twitter,3493,0.1516,1730,857
2022-05-08,twitter,4142,0.117,1909,1109
2022-05-09,twitter,7090,0.0938,3078,2026
2022-05-10,twitter,6602,0.1143,3001,1765
2022-05-11,twitter,7248,0.0829,3114,2130
2022-05-12,twitter,9105,0.1126,4133,2480
2022-05-13,twitter,7821,0.1342,3758,2087
2022-05-14,twitter,4439,0.1191,2102,1207
2022-05-15,twitter,3700,0.1384,1794,952
2022-05-16,twitter,4998,0.1082,2245,1360
2022-05-17,twitter,4377,0.1251,2061,1156
2022-05-18,twitter,4406,0.1289,2078,1152
2022-05-19,twitter,4224,0.1375,2008,1040
2022-05-20,twitter,3931,0.1552,1920,952
2022-05-21,twitter,3254,0.1682,1682,767
2022-05-22,twitter,4244,0.2277,2358,834
2022-05-23,twitter,4004,0.1636,2022,905
2022-05-24,twitter,4686,0.1526,2325,1132
2022-05-25,twitter,4337,0.1605,2191,990
2022-05-26,twitter,4942,0.1521,2430,1208
2022-05-27,twitter,4320,0.1397,2073,1101
2022-05-28,twitter,3131,0.149,1554,789
2022-05-29,twitter,3308,0.1532,1665,806
2022-05-30,twitter,4823,0.1799,2426,987
2022-05-31,twitter,4966,0.1799,2529,1086
2022-06-01,twitter,4776,0.1735,2433,1077
2022-06-02,twitter,4034,0.16,1990,933
2022-06-03,twitter,5168,0.1714,2629,1215
2022-06-04,twitter,3209,0.1632,1629,758
2022-06-05,twitter,2937,0.1476,1475,724
2022-06-06,twitter,3896,0.1449,1827,909
2022-06-07,twitter,4341,0.1324,2056,1068
2022-06-08,twitter,3861,0.1404,1864,925
2022-06-09,twitter,3859,0.1409,1878,937
2022-06-10,twitter,4015,0.1304,1874,1057
2022-06-11,twitter,3667,0.1301,1729,919
2022-06-12,twitter,3776,0.1211,1776,1015
2022-06-13,twitter,9263,0.0635,3720,2828
2022-06-14,twitter,8241,0.0906,3568,2428
2022-06-15,twitter,9204,0.128,4223,2461
2022-06-16,twitter,5096,0.1066,2320,1441
2022-06-17,twitter,5672,0.1267,2643,1491
2022-06-18,twitter,10930,0.0942,4691,3103
2022-06-19,twitter,7079,0.1255,3328,1876
2022-06-20,twitter,4088,0.1077,1863,1126
2022-06-21,twitter,4705,0.1262,2213,1247
2022-06-22,twitter,4197,0.1209,1925,1109
2022-06-23,twitter,5422,0.1469,2608,1324
2022-06-24,twitter,4106,0.1397,1975,1037
2022-06-25,twitter,4150,0.1747,2129,993
2022-06-26,twitter,4347,0.1864,2288,969
2022-06-27,twitter,3659,0.1287,1736,901
2022-06-28,twitter,4374,0.131,2070,1116
2022-06-29,twitter,6449,0.1684,3269,1519
2022-06-30,twitter,5082,0.0862,2226,1537
2022-07-01,twitter,8,0.2488,4,1
2022-07-02,twitter,664,0.1737,333,152
2022-07-03,twitter,1249,0.1858,642,292
2022-07-04,twitter,8,0.1782,3,0
2022-07-05,twitter,10,0.0475,3,4
2022-07-06,twitter,6,0.1314,3,1
2022-07-07,twitter,6,-0.0176,1,2
2022-07-08,twitter,6,0.109,4,1
2022-07-09,twitter,12,0.0652,4,4
2022-07-10,twitter,10,0.2267,6,1
2022-07-11,twitter,503,0.2027,256,97
2022-07-12,twitter,1368,0.184,692,285
2022-07-13,twitter,2775,0.1603,1354,630
2022-07-14,twitter,3101,0.1836,1554,667
2022-07-15,twitter,2760,0.2125,1483,531
2022-07-16,twitter,2523,0.194,1297,505
2022-07-17,twitter,1170,0.2146,614,230
2022-07-18,twitter,11,0.1477,4,4
2022-07-19,twitter,6,0.194,3,0
2022-07-20,twitter,12,0.2839,6,0
2022-07-21,twitter,9,-0.0096,2,3
2022-07-22,twitter,16,0.1385,9,5
2022-07-23,twitter,10,0.1876,6,1
2022-07-24,twitter,13,0.0893,7,4
2022-07-25,twitter,9,0.1618,4,2
2022-07-26,twitter,15,0.1811,7,2
2022-07-27,twitter,24,0.1027,12,5
2022-07-28,twitter,17,0.0627,6,2
2022-07-29,twitter,17,0.2483,8,2
2022-07-30,twitter,5,0.1719,2,1
2022-07-31,twitter,11,0.3426,7,1
2022-08-01,twitter,13,0.1026,6,3
2022-08-02,twitter,13,0.2249,8,2
2022-08-03,twitter,12,0.009,3,4
2022-08-04,twitter,19,0.1032,6,4
2022-08-05,twitter,10,0.2411,6,2
2022-08-06,twitter,12,0.4121,9,1
2022-08-07,twitter,11,-0.0328,3,4
2022-08-08,twitter,10,0.0865,5,4
2022-08-09,twitter,11,0.2125,6,1
2022-08-10,twitter,12,0.0177,3,3
2022-08-11,twitter,19,0.2105,12,3
2022-08-12,twitter,19,0.2383,10,2
2022-08-13,twitter,27,0.3679,20,2
2022-08-14,twitter,20,0.2417,13,4
2022-08-15,twitter,17,0.2001,8,3
2022-08-16,twitter,26,0.1011,14,9
2022-08-17,twitter,30,0.0205,10,10
2022-08-18,twitter,17,0.1882,7,6
2022-08-19,twitter,22,0.1709,11,7
2022-08-20,twitter,28,0.1649,11,5
2022-08-21,twitter,26,0.2235,13,5
2022-08-22,twitter,28,-0.0633,11,11
2022-08-23,twitter,23,0.172,13,4
2022-08-24,twitter,17,0.1393,9,4
2022-08-25,twitter,24,0.1834,12,4
2022-08-26,twitter,18,0.2189,10,5
2022-08-27,twitter,27,0.2976,16,4
2022-08-28,twitter,3455,0.2016,1852,735
2022-08-29,twitter,3439,0.1975,1836,717
2022-08-30,twitter,1131,0.1826,572,242
2022-08-31,twitter,2064,0.1719,1020,472
2022-09-01,twitter,1904,0.1772,932,420
2022-09-02,twitter,2026,0.1842,1024,437
2022-09-03,twitter,1075,0.2048,574,221
2022-09-04,twitter,487,0.1695,231,95
2022-09-05,twitter,28,0.0996,11,9
2022-09-06,twitter,24,0.0501,8,7
2022-09-07,twitter,33,0.0599,15,13
2022-09-08,twitter,25,-0.0415,9,8
2022-09-09,twitter,22,0.1872,10,5
2022-09-10,twitter,31,0.2993,19,5
2022-09-11,twitter,673,0.2275,362,106
2022-09-12,twitter,2209,0.186,1075,403
2022-09-13,twitter,2379,0.1588,1145,530
2022-09-14,twitter,2742,0.1984,1416,548
2022-09-15,twitter,33,0.0078,13,11
2022-09-16,twitter,29,0.0492,12,11
2022-09-17,twitter,27,0.0526,11,8
2022-09-18,twitter,28,0.1657,14,7
2022-09-19,twitter,25,0.0772,11,7
2022-09-20,twitter,17,0.1312,7,5
2022-09-21,twitter,36,0.2171,17,3
2022-09-22,twitter,31,0.0299,15,11
2022-09-23,twitter,27,0.1805,14,5
2022-09-24,twitter,24,0.3184,18,1
2022-09-25,twitter,19,0.1908,9,4
2022-09-26,twitter,14,-0.0343,5,7
2022-09-27,twitter,27,-0.0099,6,8
2022-09-28,twitter,28,0.1603,14,11
2022-09-29,twitter,26,0.0704,13,7
2022-09-30,twitter,22,0.1164,11,7
2022-10-01,twitter,25,0.1998,13,4
2022-10-02,twitter,28,0.2101,15,7
2022-10-03,twitter,23,0.1251,10,5
2022-10-04,twitter,19,0.2399,11,2
2022-10-05,twitter,24,0.1399,15,6
2022-10-06,twitter,25,0.0527,12,9
2022-10-07,twitter,29,0.1761,14,6
2022-10-08,twitter,28,0.1383,14,6
2022-10-09,twitter,681,0.1896,354,145
2022-10-10,twitter,1946,0.181,987,406
2022-10-11,twitter,1992,0.1866,1021,423
2022-10-12,twitter,2167,0.1969,1097,400
2022-10-13,twitter,1558,0.1949,798,322
2022-10-14,twitter,1059,0.1979,565,220
2022-10-15,twitter,1769,0.2014,923,348
2022-10-16,twitter,26,0.2365,15,4
2022-10-17,twitter,31,0.1422,13,7
2022-10-18,twitter,23,0.0693,9,7
2022-10-19,twitter,27,0.2152,14,4
2022-10-20,twitter,25,0.1666,16,5
2022-10-21,twitter,28,0.0967,12,9
2022-10-22,twitter,16,0.1878,10,3
2022-10-23,twitter,17,0.2514,12,3
2022-10-24,twitter,15,0.1069,6,3
2022-10-25,twitter,29,0.2189,17,3
2022-10-26,twitter,24,0.2111,12,4
2022-10-27,twitter,27,0.1067,14,6
2022-10-28,twitter,30,0.1482,13,3
2022-10-29,twitter,23,0.1368,11,6
2022-10-30,twitter,23,0.2889,15,4
2022-10-31,twitter,22,0.1225,11,6
2022-11-01,twitter,29,0.34,19,4
2022-11-02,twitter,26,0.1288,12,7
2022-11-03,twitter,28,0.3106,16,3
2022-11-04,twitter,28,0.2185,19,4
2022-11-05,twitter,17,0.269,9,3
2022-11-06,twitter,21,0.0907,8,5
2022-11-07,twitter,1325,0.2244,742,262
2022-11-08,twitter,1089,0.0916,449,314
2022-11-09,twitter,2278,0.1039,946,610
2022-11-10,twitter,1134,0.1638,578,277
2022-11-11,twitter,1671,0.1172,761,449
2022-11-12,twitter,19,0.0693,7,6
2022-11-13,twitter,563,0.0812,235,171
2022-11-14,twitter,1149,0.1569,575,290
2022-11-15,twitter,2627,0.1565,1276,628
2022-11-16,twitter,2585,0.1606,1261,617
2022-11-17,twitter,22,-0.0057,8,9
2022-11-18,twitter,30,0.0502,11,10
2022-11-19,twitter,28,-0.0512,9,10
2022-11-20,twitter,502,0.0881,199,142
2022-11-21,twitter,2185,0.1369,1003,544
2022-11-22,twitter,24,0.0286,10,10
2022-11-23,twitter,30,0.0865,14,9
2022-11-24,twitter,25,0.2156,16,6
2022-11-25,twitter,29,0.3576,20,5
2022-11-26,twitter,19,-0.0443,8,7
2022-11-27,twitter,42,0.0963,18,13
2022-11-28,twitter,36,0.015,11,8
2022-11-29,twitter,28,0.0421,10,6
2022-11-30,twitter,724,0.2449,419,100
2022-12-01,twitter,29,0.0585,12,9
2022-12-02,twitter,14,-0.0729,4,7
2022-12-03,twitter,22,0.2842,13,6
2022-12-04,twitter,27,-0.0495,11,11
2022-12-05,twitter,27,0.1276,16,6
2022-12-06,twitter,26,0.1596,14,10
2022-12-07,twitter,27,-0.0022,11,11
2022-12-08,twitter,23,0.0459,8,6
2022-12-09,twitter,21,0.2369,10,3
2022-12-10,twitter,15,0.1444,7,5
2022-12-11,twitter,22,0.2545,11,4
2022-12-12,twitter,24,0.0246,9,10
2022-12-13,twitter,32,0.0046,10,11
2022-12-14,twitter,31,0.0966,17,11
2022-12-15,twitter,30,0.0753,15,12
2022-12-16,twitter,19,0.1522,11,7
2022-12-17,twitter,10,0.2118,5,2
2022-12-18,twitter,10,0.2032,5,1
2022-12-19,twitter,23,0.0202,7,9
2022-12-20,twitter,16,0.2725,11,4
2022-12-21,twitter,24,0.0627,11,6
2022-12-22,twitter,26,0.2312,17,5
2022-12-23,twitter,25,0.2108,11,3
2022-12-24,twitter,498,0.2872,299,89
2022-12-25,twitter,1108,0.2682,647,186
2022-12-26,twitter,53,0.1441,26,14
2022-12-27,twitter,1466,0.1928,772,323
2022-12-28,twitter,18,0.0678,10,6
2022-12-29,twitter,24,0.2141,14,4
2022-12-30,twitter,17,0.2468,11,3
2022-12-31,twitter,10,0.1945,6,3
2023-01-01,twitter,17,0.2088,9,1
2023-01-02,twitter,33,0.0203,14,14
2023-01-03,twitter,30,0.0679,15,10
2023-01-04,twitter,29,0.1359,14,11
2023-01-05,twitter,29,0.2173,17,6
2023-01-06,twitter,282,0.2164,151,49
2023-01-07,twitter,1670,0.209,867,328
2023-01-08,twitter,308,0.1812,152,65
2023-01-09,twitter,2460,0.1923,1233,486
2023-01-10,twitter,24,0.2367,15,5
2023-01-11,twitter,27,0.0803,15,6
2023-01-12,twitter,29,0.1278,12,7
2023-01-13,twitter,26,0.1985,13,4
2023-01-14,twitter,28,0.1316,12,8
2023-01-15,twitter,22,0.0753,8,4
2023-01-16,twitter,24,0.1206,8,6
2023-01-17,twitter,23,0.3095,15,4
2023-01-18,twitter,15,0.0384,2,2
2023-01-19,twitter,21,-0.1102,7,9
2023-01-20,twitter,27,0.1959,17,6
2023-01-21,twitter,27,0.1173,13,7
2023-01-22,twitter,22,0.0903,9,4
2023-01-23,twitter,28,0.1511,10,6
2023-01-24,twitter,24,0.1678,14,5
2023-01-25,twitter,28,0.2669,17,4
2023-01-26,twitter,25,0.2838,15,4
2023-01-27,twitter,24,0.2634,16,5
2023-01-28,twitter,24,0.3005,17,4
2023-01-29,twitter,28,0.0898,11,6
2023-01-30,twitter,12,0.0345,4,5
2023-01-31,twitter,21,0.0857,8,6
2023-02-01,twitter,26,0.0378,8,8
2023-02-02,twitter,21,0.1353,10,2
2023-02-03,twitter,25,0.0321,9,8
2023-02-04,twitter,19,0.2177,10,4
2023-02-05,twitter,16,-0.033,7,6
2023-02-06,twitter,27,0.254,14,7
2023-02-07,twitter,24,0.1235,12,8
2023-02-08,twitter,25,0.2016,12,5
2023-02-09,twitter,37,0.1546,20,8
2023-02-10,twitter,30,0.2565,17,2
2023-02-11,twitter,22,0.1789,10,4
2023-02-12,twitter,21,0.2592,11,3
2023-02-13,twitter,27,0.1612,16,9
2023-02-14,twitter,29,0.3079,22,4
2023-02-15,twitter,15,0.1121,6,4
2023-02-16,twitter,26,0.0867,12,9
2023-02-17,twitter,17,0.3165,12,4
2023-02-18,twitter,20,0.2711,11,5
2023-02-19,twitter,28,0.4512,21,0
2023-02-20,twitter,28,0.1606,15,6
2023-02-21,twitter,29,0.2028,16,6
2023-02-22,twitter,28,0.1763,14,9
2023-02-23,twitter,36,0.113,17,9
2023-02-24,twitter,33,0.1571,13,9
2023-02-25,twitter,207,0.1781,104,45
2023-02-26,twitter,1906,0.2323,1067,347
2023-02-27,twitter,1275,0.1997,665,268
2023-02-28,twitter,2137,0.203,1094,425
2023-03-01,twitter,2654,0.2176,1384,480
2023-03-02,twitter,1800,0.1752,884,383
2023-03-03,twitter,1969,0.1432,909,492
2023-03-04,twitter,1856,0.1961,955,388
2023-03-05,twitter,730,0.1863,373,159
2023-03-06,twitter,26,0.0787,12,9
2023-03-07,twitter,32,0.1443,16,8
2023-03-08,twitter,28,0.2678,20,5
2023-03-09,twitter,27,0.0064,9,10
2023-03-10,twitter,33,0.119,16,7
2023-03-11,twitter,21,0.116,10,5
2023-03-12,twitter,29,0.1305,14,8
2023-03-13,twitter,30,0.1541,14,9
2023-03-14,twitter,31,0.1278,12,6
2023-03-15,twitter,24,0.3681,17,3
2023-03-16,twitter,28,0.1523,14,4
2023-03-17,twitter,15,-0.0099,4,6
2023-03-18,twitter,28,0.0206,9,9
2023-03-19,twitter,20,0.2085,9,4
2023-03-20,twitter,25,0.1896,13,7
2023-03-21,twitter,25,0.0655,11,8
2023-03-22,twitter,21,0.2591,14,3
2023-03-23,twitter,24,0.0345,10,8
2023-03-24,twitter,22,0.0139,9,8
2023-03-25,twitter,24,0.1934,11,6
2023-03-26,twitter,22,0.1459,11,5
2023-03-27,twitter,32,0.0629,12,13
2023-03-28,twitter,30,0.0791,14,9
2023-03-29,twitter,17,0.157,9,5
2023-03-30,twitter,22,0.1869,10,4
2023-03-31,twitter,21,0.2696,14,5
2023-04-01,twitter,29,0.0693,14,8
2023-04-02,twitter,18,0.2486,13,4
2023-04-03,twitter,27,0.2079,16,2
2023-04-04,twitter,21,0.0281,8,7
2023-04-05,twitter,28,0.2324,13,3
2023-04-06,twitter,20,0.1971,10,4
2023-04-07,twitter,20,0.05,8,7
2023-04-08,twitter,9,0.2244,5,2
2023-04-09,twitter,12,0.089,6,3
2023-04-10,twitter,24,0.0693,11,6
2023-04-11,twitter,31,0.1507,14,6
2023-04-12,twitter,35,0.1519,13,5
2023-04-13,twitter,28,0.225,15,7
2023-04-14,twitter,27,0.1766,11,4
2023-04-15,twitter,33,0.1064,13,9
2023-04-16,twitter,13,0.0352,6,5
2023-04-17,twitter,27,0.2306,14,5
2023-04-18,twitter,21,0.2206,12,4
2023-04-19,twitter,21,0.1675,10,3
2023-04-20,twitter,26,0.2064,14,5
2023-04-21,twitter,7,0.2182,4,2
2023-04-22,twitter,9,0.2086,5,2
2023-04-23,twitter,6,-0.0503,3,2
2023-04-24,twitter,22,0.0075,7,7
2023-04-25,twitter,28,0.0938,13,10
2023-04-26,twitter,27,0.1192,15,8
2023-04-27,twitter,22,0.2611,13,4
2023-04-28,twitter,28,0.1212,14,8
2023-04-29,twitter,8,-0.0255,3,2
2023-04-30,twitter,16,0.0925,5,5
2023-05-01,twitter,24,0.0698,11,8
2023-05-02,twitter,28,0.2727,17,3
2023-05-03,twitter,26,0.2393,13,6
2023-05-04,twitter,29,0.1209,11,4
2023-05-05,twitter,23,0.2507,13,6
2023-05-06,twitter,16,0.0936,6,5
2023-05-07,twitter,19,0.1697,7,5
2023-05-08,twitter,23,0.0615,9,7
2023-05-09,twitter,40,0.1898,20,7
2023-05-10,twitter,20,0.2916,11,4
2023-05-11,twitter,20,0.2373,11,5
2023-05-12,twitter,28,0.1183,13,9
2023-05-13,twitter,19,0.2468,12,4
2023-05-14,twitter,13,0.1026,5,4
2023-05-15,twitter,24,0.3009,15,4
2023-05-16,twitter,23,0.1936,12,6
2023-05-17,twitter,22,0.3293,14,5
2023-05-18,twitter,17,0.1648,5,4
2023-05-19,twitter,27,0.0219,9,9
2023-05-20,twitter,29,0.1819,15,7
2023-05-21,twitter,26,0.2059,15,6
2023-05-22,twitter,26,0.3987,18,3
2023-05-23,twitter,19,0.1593,10,4
2023-05-24,twitter,25,0.1046,12,6
2023-05-25,twitter,12,0.055,5,4
2023-05-26,twitter,8,0.3589,4,0
2023-05-27,twitter,11,0.2874,7,2
2023-05-28,twitter,16,0.0545,6,6
2023-05-29,twitter,27,0.2338,13,6
2023-05-30,twitter,24,0.3961,18,0
2023-05-31,twitter,26,0.1112,12,7
2023-06-01,twitter,17,0.1188,7,7
2023-06-02,twitter,18,0.2657,8,2
2023-06-03,twitter,15,-0.0875,3,6
2023-06-04,twitter,16,0.2977,11,3
2023-06-05,twitter,29,0.2342,17,9
2023-06-06,twitter,15,0.1888,10,4
2023-06-07,twitter,25,0.0828,10,6
2023-06-08,twitter,10,0.0708,6,4
2023-06-09,twitter,24,0.1772,12,6
2023-06-10,twitter,40,0.0753,19,10
2023-06-11,twitter,25,0.024,7,7
2023-06-12,twitter,22,0.2754,13,0
2023-06-13,twitter,15,0.3564,11,2
2023-06-14,twitter,12,-0.0893,4,7
2023-06-15,twitter,15,0.2776,9,1
2023-06-16,twitter,25,0.1083,10,6
2023-06-17,twitter,13,0.1395,5,2
2023-06-18,twitter,14,0.3294,9,1
2023-06-19,twitter,12,0.0827,6,4
2023-06-20,twitter,7,-0.0932,2,2
2023-06-21,twitter,5,0.3485,3,0
2023-06-22,twitter,2,0.0,0,0
